date,balance,revenue,expense,recurring,actual_invoice,actual_income,description
2025-08-29,260683.15,14863.27,4180.12,0.0,0.0,0.0,Daily retail operations
2025-08-30,271036.66,13488.09,3134.57,0.0,0.0,0.0,Daily retail operations
2025-08-31,273429.37,7732.46,5339.75,0.0,0.0,0.0,Daily retail operations
2025-09-01,244458.05,6315.9,5287.22,30000.0,0.0,0.0,Monthly Office Rent
2025-09-02,243770.91,4346.06,5033.2,0.0,0.0,0.0,Daily retail operations
2025-09-03,244499.46,6230.53,5501.98,0.0,0.0,0.0,Daily retail operations
2025-09-04,245578.92,6967.71,5888.25,0.0,0.0,0.0,Daily retail operations
2025-09-05,254226.29,13948.16,5300.79,0.0,0.0,0.0,Daily retail operations
2025-09-06,266423.55,16455.31,4258.06,0.0,0.0,0.0,Daily retail operations
2025-09-07,271535.98,8841.54,3729.11,0.0,0.0,0.0,Daily retail operations
2025-09-08,272759.0,5292.62,4069.6,0.0,0.0,0.0,Daily retail operations
2025-09-09,273296.21,7468.5,6931.28,0.0,0.0,0.0,Daily retail operations
2025-09-10,271358.02,9552.91,3491.1,8000.0,0.0,0.0,Monthly Utilities
2025-09-11,271912.68,6023.42,5468.76,0.0,0.0,0.0,Daily retail operations
2025-09-12,282194.49,14068.43,3786.62,0.0,0.0,0.0,Daily retail operations
2025-09-13,291144.59,14873.18,5923.09,0.0,0.0,0.0,Daily retail operations
2025-09-14,292369.11,7749.47,6524.95,0.0,0.0,0.0,Daily retail operations
2025-09-15,298810.79,10749.8,4308.12,0.0,0.0,0.0,Daily retail operations
2025-09-16,304022.44,9732.74,4521.08,0.0,0.0,0.0,Daily retail operations
2025-09-17,305448.55,7153.2,5727.09,0.0,0.0,0.0,Daily retail operations
2025-09-18,312150.22,9105.5,2403.83,0.0,0.0,0.0,Daily retail operations
2025-09-19,322714.63,14780.7,4216.3,0.0,0.0,0.0,Daily retail operations
2025-09-20,327518.96,10884.6,6080.26,0.0,0.0,0.0,Daily retail operations
2025-09-21,327571.48,5623.79,5571.27,0.0,0.0,0.0,Daily retail operations
2025-09-22,331782.49,8745.86,4534.85,0.0,0.0,0.0,Daily retail operations
2025-09-23,331657.55,5110.17,5235.11,0.0,0.0,0.0,Daily retail operations
2025-09-24,337428.39,10520.39,4749.54,0.0,0.0,0.0,Daily retail operations
2025-09-25,343370.13,8841.31,2899.57,0.0,0.0,0.0,Daily retail operations
2025-09-26,352257.15,13624.05,4737.02,0.0,0.0,0.0,Daily retail operations
2025-09-27,357758.74,12298.85,6797.27,0.0,0.0,0.0,Daily retail operations
2025-09-28,284534.36,6489.25,4713.63,75000.0,0.0,0.0,Monthly Payroll Salaries
2025-09-29,288652.69,8992.13,4873.81,0.0,0.0,0.0,Daily retail operations
2025-09-30,290110.07,7069.01,5611.63,0.0,0.0,0.0,Daily retail operations
2025-10-01,116152.28,5059.96,5343.05,30000.0,143674.7,0.0,"Monthly Office Rent; User Transactions: -Commercial Realty Trust (Paid ₹30,000.00 for Monthly office and store lease rent to Commercial Realty Trust. Cash balance was ₹250,000.00 before, ₹220,000.00 after. No delayed payments or cash flow issues observed. Outcome: healthy.) [expense], -ABC Traders (Paid ₹41,837.35 for Inventory restocking - general merchandise to ABC Traders. Cash balance was ₹220,000.00 before, ₹178,162.65 after. No delayed payments or cash flow issues observed. Outcome: healthy.) [expense], -Commercial Realty Trust (Paid ₹30,000.00 for Monthly office and store lease rent to Commercial Realty Tru) [expense], -ABC Traders (Paid ₹41,837.35 for Inventory restocking - general merchandise to ABC Traders. C) [expense]"
2025-10-02,136502.32,25017.2,4667.16,0.0,0.0,16165.16,"User Transactions: +Online Portal Sales (Received ₹8,082.58 for E-commerce platform order settlement from Online Portal Sales. Cash balance was ₹178,162.65 before, ₹186,245.23 after. No delayed payments or cash flow issues observed. Outcome: healthy.) [income], +Online Portal Sales (Received ₹8,082.58 for E-commerce platform order settlement from Online Portal S) [income]"
2025-10-03,192365.38,61350.22,5487.16,0.0,0.0,48131.74,"User Transactions: +Walk-in Store Sales (Daily) (Received ₹24,065.87 for Daily retail store sales revenue from Walk-in Store Sales (Daily). Cash balance was ₹186,245.23 before, ₹210,311.10 after. No delayed payments or cash flow issues observed. Outcome: healthy.) [income], +Walk-in Store Sales (Daily) (Received ₹24,065.87 for Daily retail store sales revenue from Walk-in Store Sale) [income]"
2025-10-04,203252.81,59334.5,3729.11,0.0,44717.96,47923.62,"User Transactions: -Tally Solutions (Paid ₹22,358.98 for Tally Prime accounting software annual renewal to Tally Solutions. Cash balance was ₹210,311.10 before, ₹187,952.12 after. No delayed payments or cash flow issues observed. Outcome: healthy.) [expense], +Walk-in Store Sales (Daily) (Received ₹23,961.81 for Daily retail store sales revenue from Walk-in Store Sales (Daily). Cash balance was ₹187,952.12 before, ₹211,913.93 after. No delayed payments or cash flow issues observed. Outcome: healthy.) [income], -Tally Solutions (Paid ₹22,358.98 for Tally Prime accounting software annual renewal to Tally Solu) [expense], +Walk-in Store Sales (Daily) (Received ₹23,961.81 for Daily retail store sales revenue from Walk-in Store Sale) [income]"
2025-10-05,251811.83,53433.76,4874.73,0.0,0.0,43587.58,"User Transactions: +Walk-in Store Sales (Daily) (Received ₹12,495.92 for Daily retail store sales revenue from Walk-in Store Sales (Daily). Cash balance was ₹211,913.93 before, ₹224,409.85 after. No delayed payments or cash flow issues observed. Outcome: healthy.) [income], +Online Portal Sales (Received ₹9,297.87 for E-commerce platform order settlement from Online Portal Sales. Cash balance was ₹224,409.85 before, ₹233,707.72 after. No delayed payments or cash flow issues observed. Outcome: healthy.) [income], +Walk-in Store Sales (Daily) (Received ₹12,495.92 for Daily retail store sales revenue from Walk-in Store Sale) [income], +Online Portal Sales (Received ₹9,297.87 for E-commerce platform order settlement from Online Portal S) [income]"
2025-10-06,292877.41,47088.06,6022.48,0.0,0.0,41201.86,"User Transactions: +Walk-in Store Sales (Daily) (Received ₹20,600.93 for Daily retail store sales revenue from Walk-in Store Sales (Daily). Cash balance was ₹233,707.72 before, ₹254,308.65 after. No delayed payments or cash flow issues observed. Outcome: healthy.) [income], +Walk-in Store Sales (Daily) (Received ₹20,600.93 for Daily retail store sales revenue from Walk-in Store Sale) [income]"
2025-10-07,295148.51,7008.12,4737.02,0.0,0.0,0.0,Daily retail operations
2025-10-08,299633.61,7196.62,2711.52,0.0,0.0,0.0,Daily retail operations
2025-10-09,365163.5,106031.25,4358.8,0.0,36142.56,97464.28,"User Transactions: -Meta Ads (Paid ₹18,071.28 for Facebook & Instagram advertising campaign to Meta Ads. Cash balance was ₹254,308.65 before, ₹236,237.37 after. No delayed payments or cash flow issues observed. Outcome: healthy.) [expense], +Walk-in Store Sales (Daily) (Received ₹16,591.95 for Daily retail store sales revenue from Walk-in Store Sales (Daily). Cash balance was ₹236,237.37 before, ₹252,829.32 after. No delayed payments or cash flow issues observed. Outcome: healthy.) [income], +Walk-in Store Sales (Daily) (Received ₹23,390.72 for Daily retail store sales revenue from Walk-in Store Sales (Daily). Cash balance was ₹252,829.32 before, ₹276,220.04 after. No delayed payments or cash flow issues observed. Outcome: healthy.) [income], +Walk-in Store Sales (Daily) (Received ₹8,749.47 for Daily retail store sales revenue from Walk-in Store Sales (Daily). Cash balance was ₹276,220.04 before, ₹284,969.51 after. No delayed payments or cash flow issues observed. Outcome: healthy.) [income], -Meta Ads (Paid ₹18,071.28 for Facebook & Instagram advertising campaign to Meta Ads. Cash ) [expense], +Walk-in Store Sales (Daily) (Received ₹16,591.95 for Daily retail store sales revenue from Walk-in Store Sale) [income], +Walk-in Store Sales (Daily) (Received ₹23,390.72 for Daily retail store sales revenue from Walk-in Store Sale) [income], +Walk-in Store Sales (Daily) (Received ₹8,749.47 for Daily retail store sales revenue from Walk-in Store Sales) [income]"
2025-10-10,399961.1,97885.21,5611.63,8000.0,49475.98,84243.92,"Monthly Utilities; User Transactions: -Tamil Nadu Electricity Board (TNEB) (Paid ₹9,737.99 for Commercial electricity bill to Tamil Nadu Electricity Board (TNEB). Cash balance was ₹284,969.51 before, ₹275,231.52 after. No delayed payments or cash flow issues observed. Outcome: healthy.) [expense], -Kothari & Associates (Paid ₹15,000.00 for GST return filing and auditor compliance review to Kothari & Associates. Cash balance was ₹275,231.52 before, ₹260,231.52 after. No delayed payments or cash flow issues observed. Outcome: healthy.) [expense], +Walk-in Store Sales (Daily) (Received ₹23,839.85 for Daily retail store sales revenue from Walk-in Store Sales (Daily). Cash balance was ₹260,231.52 before, ₹284,071.37 after. No delayed payments or cash flow issues observed. Outcome: healthy.) [income], +Walk-in Store Sales (Daily) (Received ₹18,282.11 for Daily retail store sales revenue from Walk-in Store Sales (Daily). Cash balance was ₹284,071.37 before, ₹302,353.48 after. No delayed payments or cash flow issues observed. Outcome: healthy.) [income], -Tamil Nadu Electricity Board (TNEB) (Paid ₹9,737.99 for Commercial electricity bill to Tamil Nadu Electricity Board () [expense], -Kothari & Associates (Paid ₹15,000.00 for GST return filing and auditor compliance review to Kothari &) [expense], +Walk-in Store Sales (Daily) (Received ₹23,839.85 for Daily retail store sales revenue from Walk-in Store Sale) [income], +Walk-in Store Sales (Daily) (Received ₹18,282.11 for Daily retail store sales revenue from Walk-in Store Sale) [income]"
2025-10-11,439557.98,51399.1,3524.34,0.0,8277.88,42218.06,"User Transactions: -CloudHost Technologies Pvt Ltd (Paid ₹4,138.94 for Monthly cloud hosting subscription to CloudHost Technologies Pvt Ltd. Cash balance was ₹302,353.48 before, ₹298,214.54 after. No delayed payments or cash flow issues observed. Outcome: healthy.) [expense], +Walk-in Store Sales (Daily) (Received ₹21,109.03 for Daily retail store sales revenue from Walk-in Store Sales (Daily). Cash balance was ₹298,214.54 before, ₹319,323.57 after. No delayed payments or cash flow issues observed. Outcome: healthy.) [income], -CloudHost Technologies Pvt Ltd (Paid ₹4,138.94 for Monthly cloud hosting subscription to CloudHost Technologies ) [expense], +Walk-in Store Sales (Daily) (Received ₹21,109.03 for Daily retail store sales revenue from Walk-in Store Sale) [income]"
2025-10-12,435655.33,6516.12,5420.77,0.0,4998.0,0.0,"User Transactions: -Airtel Broadband (Paid ₹2,499.00 for Business internet and landline to Airtel Broadband. Cash balance was ₹319,323.57 before, ₹316,824.57 after. No delayed payments or cash flow issues observed. Outcome: healthy.) [expense], -Airtel Broadband (Paid ₹2,499.00 for Business internet and landline to Airtel Broadband. Cash bala) [expense]"
2025-10-13,441741.44,11862.57,5776.46,0.0,0.0,0.0,Daily retail operations
2025-10-14,442711.93,4982.2,4011.71,0.0,0.0,0.0,Daily retail operations
2025-10-15,446336.56,8937.52,5312.89,0.0,0.0,0.0,Daily retail operations
2025-10-16,449102.16,7584.34,4818.74,0.0,0.0,0.0,Daily retail operations
2025-10-17,459290.82,15343.57,5154.91,0.0,0.0,0.0,Daily retail operations
2025-10-18,544695.8,92464.92,4308.12,0.0,2751.82,77606.68,"User Transactions: -Mineral Water Suppliers (Paid ₹1,375.91 for Monthly drinking water supply for office to Mineral Water Suppliers. Cash balance was ₹316,824.57 before, ₹315,448.66 after. No delayed payments or cash flow issues observed. Outcome: healthy.) [expense], +Walk-in Store Sales (Daily) (Received ₹10,642.61 for Daily retail store sales revenue from Walk-in Store Sales (Daily). Cash balance was ₹315,448.66 before, ₹326,091.27 after. No delayed payments or cash flow issues observed. Outcome: healthy.) [income], +Walk-in Store Sales (Daily) (Received ₹19,996.35 for Daily retail store sales revenue from Walk-in Store Sales (Daily). Cash balance was ₹326,091.27 before, ₹346,087.62 after. No delayed payments or cash flow issues observed. Outcome: healthy.) [income], +Walk-in Store Sales (Daily) (Received ₹8,164.38 for Daily retail store sales revenue from Walk-in Store Sales (Daily). Cash balance was ₹346,087.62 before, ₹354,252.00 after. No delayed payments or cash flow issues observed. Outcome: healthy.) [income], -Mineral Water Suppliers (Paid ₹1,375.91 for Monthly drinking water supply for office to Mineral Water Sup) [expense], +Walk-in Store Sales (Daily) (Received ₹10,642.61 for Daily retail store sales revenue from Walk-in Store Sale) [income], +Walk-in Store Sales (Daily) (Received ₹19,996.35 for Daily retail store sales revenue from Walk-in Store Sale) [income], +Walk-in Store Sales (Daily) (Received ₹8,164.38 for Daily retail store sales revenue from Walk-in Store Sales) [income]"
2025-10-19,527687.63,8552.7,5666.21,0.0,19894.66,0.0,"User Transactions: -Package Craft India (Paid ₹9,947.33 for Custom printed bags and shipping boxes to Package Craft India. Cash balance was ₹354,252.00 before, ₹344,304.67 after. No delayed payments or cash flow issues observed. Outcome: healthy.) [expense], -Package Craft India (Paid ₹9,947.33 for Custom printed bags and shipping boxes to Package Craft India) [expense]"
2025-10-20,524462.93,2641.14,5865.85,0.0,0.0,0.0,Daily retail operations
2025-10-21,607080.63,87403.98,4786.27,0.0,0.0,79714.72,"User Transactions: +Walk-in Store Sales (Daily) (Received ₹15,200.79 for Daily retail store sales revenue from Walk-in Store Sales (Daily). Cash balance was ₹344,304.67 before, ₹359,505.46 after. No delayed payments or cash flow issues observed. Outcome: healthy.) [income], +Walk-in Store Sales (Daily) (Received ₹24,656.57 for Daily retail store sales revenue from Walk-in Store Sales (Daily). Cash balance was ₹359,505.46 before, ₹384,162.03 after. No delayed payments or cash flow issues observed. Outcome: healthy.) [income], +Walk-in Store Sales (Daily) (Received ₹15,200.79 for Daily retail store sales revenue from Walk-in Store Sale) [income], +Walk-in Store Sales (Daily) (Received ₹24,656.57 for Daily retail store sales revenue from Walk-in Store Sale) [income]"
2025-10-22,651273.4,49930.99,5738.22,0.0,0.0,37564.1,"User Transactions: +Walk-in Store Sales (Daily) (Received ₹18,782.05 for Daily retail store sales revenue from Walk-in Store Sales (Daily). Cash balance was ₹384,162.03 before, ₹402,944.08 after. No delayed payments or cash flow issues observed. Outcome: healthy.) [income], +Walk-in Store Sales (Daily) (Received ₹18,782.05 for Daily retail store sales revenue from Walk-in Store Sale) [income]"
2025-10-23,343416.68,82368.35,3610.17,0.0,386614.9,74391.5,"User Transactions: -Metro Cash & Carry (Paid ₹67,247.07 for Bulk FMCG and grocery inventory purchase to Metro Cash & Carry. Cash balance was ₹402,944.08 before, ₹335,697.01 after. No delayed payments or cash flow issues observed. Outcome: healthy.) [expense], +Walk-in Store Sales (Daily) (Received ₹13,828.96 for Daily retail store sales revenue from Walk-in Store Sales (Daily). Cash balance was ₹335,697.01 before, ₹349,525.97 after. No delayed payments or cash flow issues observed. Outcome: healthy.) [income], +Walk-in Store Sales (Daily) (Received ₹23,366.79 for Daily retail store sales revenue from Walk-in Store Sales (Daily). Cash balance was ₹349,525.97 before, ₹372,892.76 after. No delayed payments or cash flow issues observed. Outcome: healthy.) [income], -Festival Inventory Bulk Purchase (Paid ₹126,060.38 for Pre-Diwali bulk inventory stocking to Festival Inventory Bulk Purchase. Cash balance was ₹372,892.76 before, ₹246,832.38 after. No delayed payments or cash flow issues observed. Outcome: healthy.) [expense], -Metro Cash & Carry (Paid ₹67,247.07 for Bulk FMCG and grocery inventory purchase to Metro Cash & Car) [expense], +Walk-in Store Sales (Daily) (Received ₹13,828.96 for Daily retail store sales revenue from Walk-in Store Sale) [income], +Walk-in Store Sales (Daily) (Received ₹23,366.79 for Daily retail store sales revenue from Walk-in Store Sale) [income], -Festival Inventory Bulk Purchase (Paid ₹126,060.38 for Pre-Diwali bulk inventory stocking to Festival Inventory Bu) [expense]"
2025-10-24,294589.3,12710.07,6092.77,0.0,55444.68,0.0,"User Transactions: -Meta Ads (Diwali Campaign) (Paid ₹27,722.34 for Diwali festive promotion advertising campaign to Meta Ads (Diwali Campaign). Cash balance was ₹246,832.38 before, ₹219,110.04 after. No delayed payments or cash flow issues observed. Outcome: healthy.) [expense], -Meta Ads (Diwali Campaign) (Paid ₹27,722.34 for Diwali festive promotion advertising campaign to Meta Ads (D) [expense]"
2025-10-25,275059.19,13930.68,5510.05,0.0,27950.74,0.0,"User Transactions: -Sharma Logistics & Freight (Paid ₹10,640.73 for Freight and delivery charges to Sharma Logistics & Freight. Cash balance was ₹219,110.04 before, ₹208,469.31 after. No delayed payments or cash flow issues observed. Outcome: healthy.) [expense], -Google Workspace (Paid ₹3,334.64 for Business email and productivity licenses to Google Workspace. Cash balance was ₹208,469.31 before, ₹205,134.67 after. No delayed payments or cash flow issues observed. Outcome: healthy.) [expense], -Sharma Logistics & Freight (Paid ₹10,640.73 for Freight and delivery charges to Sharma Logistics & Freight. ) [expense], -Google Workspace (Paid ₹3,334.64 for Business email and productivity licenses to Google Workspace.) [expense]"
2025-10-26,275549.14,6004.97,5515.02,0.0,0.0,0.0,Daily retail operations
2025-10-27,274084.92,5259.88,6724.09,0.0,0.0,0.0,Daily retail operations
2025-10-28,76014.48,31768.64,4839.08,75000.0,150000.0,28525.06,"Monthly Payroll Salaries; User Transactions: -Payroll - Staff Salaries (Paid ₹75,000.00 for Monthly staff salary disbursement to Payroll - Staff Salaries. Cash balance was ₹205,134.67 before, ₹130,134.67 after. No delayed payments or cash flow issues observed. Outcome: healthy.) [expense], +Walk-in Store Sales (Daily) (Received ₹8,863.58 for Daily retail store sales revenue from Walk-in Store Sales (Daily). Cash balance was ₹130,134.67 before, ₹138,998.25 after. No delayed payments or cash flow issues observed. Outcome: healthy.) [income], +Online Portal Sales (Received ₹5,398.95 for E-commerce platform order settlement from Online Portal Sales. Cash balance was ₹138,998.25 before, ₹144,397.20 after. No delayed payments or cash flow issues observed. Outcome: healthy.) [income], -Payroll - Staff Salaries (Paid ₹75,000.00 for Monthly staff salary disbursement to Payroll - Staff Salarie) [expense], +Walk-in Store Sales (Daily) (Received ₹8,863.58 for Daily retail store sales revenue from Walk-in Store Sales) [income], +Online Portal Sales (Received ₹5,398.95 for E-commerce platform order settlement from Online Portal S) [income]"
2025-10-29,130087.58,58857.41,4784.32,0.0,0.0,48300.98,"User Transactions: +Walk-in Store Sales (Daily) (Received ₹9,819.61 for Daily retail store sales revenue from Walk-in Store Sales (Daily). Cash balance was ₹144,397.20 before, ₹154,216.81 after. No delayed payments or cash flow issues observed. Outcome: healthy.) [income], +Online Portal Sales (Received ₹14,330.88 for E-commerce platform order settlement from Online Portal Sales. Cash balance was ₹154,216.81 before, ₹168,547.69 after. No delayed payments or cash flow issues observed. Outcome: healthy.) [income], +Walk-in Store Sales (Daily) (Received ₹9,819.61 for Daily retail store sales revenue from Walk-in Store Sales) [income], +Online Portal Sales (Received ₹14,330.88 for E-commerce platform order settlement from Online Portal ) [income]"
2025-10-30,136398.98,9959.67,3648.26,0.0,0.0,0.0,Daily retail operations
2025-10-31,148800.96,15955.94,3553.95,0.0,0.0,0.0,Daily retail operations
2025-11-01,80319.79,24682.83,3164.0,30000.0,60000.0,12306.84,"Monthly Office Rent; User Transactions: -Commercial Realty Trust (Paid ₹30,000.00 for Monthly office and store lease rent to Commercial Realty Trust. Cash balance was ₹168,547.69 before, ₹138,547.69 after. No delayed payments or cash flow issues observed. Outcome: healthy.) [expense], +Online Portal Sales (Received ₹6,153.42 for E-commerce platform order settlement from Online Portal Sales. Cash balance was ₹138,547.69 before, ₹144,701.11 after. No delayed payments or cash flow issues observed. Outcome: healthy.) [income], -Commercial Realty Trust (Paid ₹30,000.00 for Monthly office and store lease rent to Commercial Realty Tru) [expense], +Online Portal Sales (Received ₹6,153.42 for E-commerce platform order settlement from Online Portal S) [income]"
2025-11-02,82552.67,7726.42,5493.53,0.0,0.0,0.0,Daily retail operations
2025-11-03,62646.28,7664.5,5596.45,0.0,21974.44,0.0,"User Transactions: -Sharma Logistics & Freight (Paid ₹10,987.22 for Freight and delivery charges to Sharma Logistics & Freight. Cash balance was ₹144,701.11 before, ₹133,713.89 after. No delayed payments or cash flow issues observed. Outcome: healthy.) [expense], -Sharma Logistics & Freight (Paid ₹10,987.22 for Freight and delivery charges to Sharma Logistics & Freight. ) [expense]"
2025-11-04,92780.18,35942.88,5808.98,0.0,0.0,28025.08,"User Transactions: +Walk-in Store Sales (Daily) (Received ₹14,012.54 for Daily retail store sales revenue from Walk-in Store Sales (Daily). Cash balance was ₹133,713.89 before, ₹147,726.43 after. No delayed payments or cash flow issues observed. Outcome: healthy.) [income], +Walk-in Store Sales (Daily) (Received ₹14,012.54 for Daily retail store sales revenue from Walk-in Store Sale) [income]"
2025-11-05,98256.48,10604.22,5127.91,0.0,0.0,0.0,Daily retail operations
2025-11-06,147368.51,56779.2,4712.45,0.0,2954.72,49191.0,"User Transactions: -Mineral Water Suppliers (Paid ₹1,477.36 for Monthly drinking water supply for office to Mineral Water Suppliers. Cash balance was ₹147,726.43 before, ₹146,249.07 after. No delayed payments or cash flow issues observed. Outcome: healthy.) [expense], +Walk-in Store Sales (Daily) (Received ₹24,595.50 for Daily retail store sales revenue from Walk-in Store Sales (Daily). Cash balance was ₹146,249.07 before, ₹170,844.57 after. No delayed payments or cash flow issues observed. Outcome: healthy.) [income], -Mineral Water Suppliers (Paid ₹1,477.36 for Monthly drinking water supply for office to Mineral Water Sup) [expense], +Walk-in Store Sales (Daily) (Received ₹24,595.50 for Daily retail store sales revenue from Walk-in Store Sale) [income]"
2025-11-07,129248.02,18567.64,3284.63,0.0,33403.5,0.0,"User Transactions: -Meta Ads (Paid ₹16,701.75 for Facebook & Instagram advertising campaign to Meta Ads. Cash balance was ₹170,844.57 before, ₹154,142.82 after. No delayed payments or cash flow issues observed. Outcome: healthy.) [expense], -Meta Ads (Paid ₹16,701.75 for Facebook & Instagram advertising campaign to Meta Ads. Cash ) [expense]"
2025-11-08,136564.7,13256.0,5939.32,0.0,0.0,0.0,Daily retail operations
2025-11-09,157834.89,27373.98,6103.78,0.0,0.0,21412.72,"User Transactions: +Walk-in Store Sales (Daily) (Received ₹10,706.36 for Daily retail store sales revenue from Walk-in Store Sales (Daily). Cash balance was ₹154,142.82 before, ₹164,849.18 after. No delayed payments or cash flow issues observed. Outcome: healthy.) [income], +Walk-in Store Sales (Daily) (Received ₹10,706.36 for Daily retail store sales revenue from Walk-in Store Sale) [income]"
2025-11-10,310599.57,181310.27,5370.52,8000.0,15175.08,172306.2,"Monthly Utilities; User Transactions: -Tamil Nadu Electricity Board (TNEB) (Paid ₹7,587.54 for Commercial electricity bill to Tamil Nadu Electricity Board (TNEB). Cash balance was ₹164,849.18 before, ₹157,261.64 after. No delayed payments or cash flow issues observed. Outcome: healthy.) [expense], +Diwali Season Sales Surge (Received ₹86,153.10 for Festival season retail sales revenue surge from Diwali Season Sales Surge. Cash balance was ₹157,261.64 before, ₹243,414.74 after. No delayed payments or cash flow issues observed. Outcome: healthy.) [income], -Tamil Nadu Electricity Board (TNEB) (Paid ₹7,587.54 for Commercial electricity bill to Tamil Nadu Electricity Board () [expense], +Diwali Season Sales Surge (Received ₹86,153.10 for Festival season retail sales revenue surge from Diwali S) [income]"
2025-11-11,312776.11,8586.33,6409.79,0.0,0.0,0.0,Daily retail operations
2025-11-12,359311.08,55683.63,4150.66,0.0,4998.0,49206.12,"User Transactions: -Airtel Broadband (Paid ₹2,499.00 for Business internet and landline to Airtel Broadband. Cash balance was ₹243,414.74 before, ₹240,915.74 after. No delayed payments or cash flow issues observed. Outcome: healthy.) [expense], +Walk-in Store Sales (Daily) (Received ₹13,188.24 for Daily retail store sales revenue from Walk-in Store Sales (Daily). Cash balance was ₹240,915.74 before, ₹254,103.98 after. No delayed payments or cash flow issues observed. Outcome: healthy.) [income], +Online Portal Sales (Received ₹11,414.82 for E-commerce platform order settlement from Online Portal Sales. Cash balance was ₹254,103.98 before, ₹265,518.80 after. No delayed payments or cash flow issues observed. Outcome: healthy.) [income], -Airtel Broadband (Paid ₹2,499.00 for Business internet and landline to Airtel Broadband. Cash bala) [expense], +Walk-in Store Sales (Daily) (Received ₹13,188.24 for Daily retail store sales revenue from Walk-in Store Sale) [income], +Online Portal Sales (Received ₹11,414.82 for E-commerce platform order settlement from Online Portal ) [income]"
2025-11-13,378230.33,31652.97,4455.73,0.0,8277.98,23590.36,"User Transactions: -CloudHost Technologies Pvt Ltd (Paid ₹4,138.99 for Monthly cloud hosting subscription to CloudHost Technologies Pvt Ltd. Cash balance was ₹265,518.80 before, ₹261,379.81 after. No delayed payments or cash flow issues observed. Outcome: healthy.) [expense], +Online Portal Sales (Received ₹11,795.18 for E-commerce platform order settlement from Online Portal Sales. Cash balance was ₹261,379.81 before, ₹273,174.99 after. No delayed payments or cash flow issues observed. Outcome: healthy.) [income], -CloudHost Technologies Pvt Ltd (Paid ₹4,138.99 for Monthly cloud hosting subscription to CloudHost Technologies ) [expense], +Online Portal Sales (Received ₹11,795.18 for E-commerce platform order settlement from Online Portal ) [income]"
2025-11-14,449728.36,77012.94,5514.91,0.0,0.0,65953.2,"User Transactions: +Walk-in Store Sales (Daily) (Received ₹24,555.23 for Daily retail store sales revenue from Walk-in Store Sales (Daily). Cash balance was ₹273,174.99 before, ₹297,730.22 after. No delayed payments or cash flow issues observed. Outcome: healthy.) [income], +Walk-in Store Sales (Daily) (Received ₹8,421.37 for Daily retail store sales revenue from Walk-in Store Sales (Daily). Cash balance was ₹297,730.22 before, ₹306,151.59 after. No delayed payments or cash flow issues observed. Outcome: healthy.) [income], +Walk-in Store Sales (Daily) (Received ₹24,555.23 for Daily retail store sales revenue from Walk-in Store Sale) [income], +Walk-in Store Sales (Daily) (Received ₹8,421.37 for Daily retail store sales revenue from Walk-in Store Sales) [income]"
2025-11-15,461339.47,16884.71,5273.59,0.0,0.0,0.0,Daily retail operations
2025-11-16,488825.3,33281.44,5795.61,0.0,0.0,23562.74,"User Transactions: +Walk-in Store Sales (Daily) (Received ₹11,781.37 for Daily retail store sales revenue from Walk-in Store Sales (Daily). Cash balance was ₹306,151.59 before, ₹317,932.96 after. No delayed payments or cash flow issues observed. Outcome: healthy.) [income], +Walk-in Store Sales (Daily) (Received ₹11,781.37 for Daily retail store sales revenue from Walk-in Store Sale) [income]"
2025-11-17,493433.42,9439.4,4831.28,0.0,0.0,0.0,Daily retail operations
2025-11-18,541069.56,52334.6,4698.46,0.0,0.0,46060.58,"User Transactions: +Walk-in Store Sales (Daily) (Received ₹23,030.29 for Daily retail store sales revenue from Walk-in Store Sales (Daily). Cash balance was ₹317,932.96 before, ₹340,963.25 after. No delayed payments or cash flow issues observed. Outcome: healthy.) [income], +Walk-in Store Sales (Daily) (Received ₹23,030.29 for Daily retail store sales revenue from Walk-in Store Sale) [income]"
2025-11-19,544850.28,8226.99,4446.27,0.0,0.0,0.0,Daily retail operations
2025-11-20,550019.37,8951.88,3782.79,0.0,0.0,0.0,Daily retail operations
2025-11-21,551783.7,14735.03,6628.42,0.0,6342.28,0.0,"User Transactions: -HDFC Bank (Paid ₹3,171.14 for Bank account maintenance and POS charges to HDFC Bank. Cash balance was ₹340,963.25 before, ₹337,792.11 after. No delayed payments or cash flow issues observed. Outcome: healthy.) [expense], -HDFC Bank (Paid ₹3,171.14 for Bank account maintenance and POS charges to HDFC Bank. Cash b) [expense]"
2025-11-22,783422.2,237036.5,5397.99,0.0,0.0,223109.98,"User Transactions: +Walk-in Store Sales (Daily) (Received ₹12,242.01 for Daily retail store sales revenue from Walk-in Store Sales (Daily). Cash balance was ₹337,792.11 before, ₹350,034.12 after. No delayed payments or cash flow issues observed. Outcome: healthy.) [income], +Apex Enterprises (Client) (Received ₹99,312.98 for Wholesale goods dispatch payment from corporate client from Apex Enterprises (Client). Cash balance was ₹350,034.12 before, ₹449,347.10 after. No delayed payments or cash flow issues observed. Outcome: healthy.) [income], +Walk-in Store Sales (Daily) (Received ₹12,242.01 for Daily retail store sales revenue from Walk-in Store Sale) [income], +Apex Enterprises (Client) (Received ₹99,312.98 for Wholesale goods dispatch payment from corporate client f) [income]"
2025-11-23,717286.04,25454.34,4634.98,0.0,86955.52,19675.26,"User Transactions: -Metro Cash & Carry (Paid ₹43,477.76 for Bulk FMCG and grocery inventory purchase to Metro Cash & Carry. Cash balance was ₹449,347.10 before, ₹405,869.34 after. No delayed payments or cash flow issues observed. Outcome: healthy.) [expense], +Walk-in Store Sales (Daily) (Received ₹9,837.63 for Daily retail store sales revenue from Walk-in Store Sales (Daily). Cash balance was ₹405,869.34 before, ₹415,706.97 after. No delayed payments or cash flow issues observed. Outcome: healthy.) [income], -Metro Cash & Carry (Paid ₹43,477.76 for Bulk FMCG and grocery inventory purchase to Metro Cash & Car) [expense], +Walk-in Store Sales (Daily) (Received ₹9,837.63 for Daily retail store sales revenue from Walk-in Store Sales) [income]"
2025-11-24,835392.83,121049.39,2942.61,0.0,0.0,112252.86,"User Transactions: +Walk-in Store Sales (Daily) (Received ₹10,627.41 for Daily retail store sales revenue from Walk-in Store Sales (Daily). Cash balance was ₹415,706.97 before, ₹426,334.38 after. No delayed payments or cash flow issues observed. Outcome: healthy.) [income], +Walk-in Store Sales (Daily) (Received ₹23,716.28 for Daily retail store sales revenue from Walk-in Store Sales (Daily). Cash balance was ₹426,334.38 before, ₹450,050.66 after. No delayed payments or cash flow issues observed. Outcome: healthy.) [income], +Walk-in Store Sales (Daily) (Received ₹21,782.74 for Daily retail store sales revenue from Walk-in Store Sales (Daily). Cash balance was ₹450,050.66 before, ₹471,833.40 after. No delayed payments or cash flow issues observed. Outcome: healthy.) [income], +Walk-in Store Sales (Daily) (Received ₹10,627.41 for Daily retail store sales revenue from Walk-in Store Sale) [income], +Walk-in Store Sales (Daily) (Received ₹23,716.28 for Daily retail store sales revenue from Walk-in Store Sale) [income], +Walk-in Store Sales (Daily) (Received ₹21,782.74 for Daily retail store sales revenue from Walk-in Store Sale) [income]"
2025-11-25,836267.5,7702.03,6827.36,0.0,0.0,0.0,Daily retail operations
2025-11-26,995056.95,163786.19,4996.74,0.0,0.0,154069.34,"User Transactions: +Walk-in Store Sales (Daily) (Received ₹11,009.89 for Daily retail store sales revenue from Walk-in Store Sales (Daily). Cash balance was ₹471,833.40 before, ₹482,843.29 after. No delayed payments or cash flow issues observed. Outcome: healthy.) [income], +Walk-in Store Sales (Daily) (Received ₹23,823.87 for Daily retail store sales revenue from Walk-in Store Sales (Daily). Cash balance was ₹482,843.29 before, ₹506,667.16 after. No delayed payments or cash flow issues observed. Outcome: healthy.) [income], +Walk-in Store Sales (Daily) (Received ₹19,388.42 for Daily retail store sales revenue from Walk-in Store Sales (Daily). Cash balance was ₹506,667.16 before, ₹526,055.58 after. No delayed payments or cash flow issues observed. Outcome: healthy.) [income], +Walk-in Store Sales (Daily) (Received ₹22,812.49 for Daily retail store sales revenue from Walk-in Store Sales (Daily). Cash balance was ₹526,055.58 before, ₹548,868.07 after. No delayed payments or cash flow issues observed. Outcome: healthy.) [income], +Walk-in Store Sales (Daily) (Received ₹11,009.89 for Daily retail store sales revenue from Walk-in Store Sale) [income], +Walk-in Store Sales (Daily) (Received ₹23,823.87 for Daily retail store sales revenue from Walk-in Store Sale) [income], +Walk-in Store Sales (Daily) (Received ₹19,388.42 for Daily retail store sales revenue from Walk-in Store Sale) [income], +Walk-in Store Sales (Daily) (Received ₹22,812.49 for Daily retail store sales revenue from Walk-in Store Sale) [income]"
2025-11-27,1065712.72,76148.35,5492.58,0.0,0.0,67951.68,"User Transactions: +Walk-in Store Sales (Daily) (Received ₹23,613.68 for Daily retail store sales revenue from Walk-in Store Sales (Daily). Cash balance was ₹548,868.07 before, ₹572,481.75 after. No delayed payments or cash flow issues observed. Outcome: healthy.) [income], +Online Portal Sales (Received ₹10,362.16 for E-commerce platform order settlement from Online Portal Sales. Cash balance was ₹572,481.75 before, ₹582,843.91 after. No delayed payments or cash flow issues observed. Outcome: healthy.) [income], +Walk-in Store Sales (Daily) (Received ₹23,613.68 for Daily retail store sales revenue from Walk-in Store Sale) [income], +Online Portal Sales (Received ₹10,362.16 for E-commerce platform order settlement from Online Portal ) [income]"
2025-11-28,949121.7,115007.76,6598.79,75000.0,150000.0,102870.3,"Monthly Payroll Salaries; User Transactions: -Payroll - Staff Salaries (Paid ₹75,000.00 for Monthly staff salary disbursement to Payroll - Staff Salaries. Cash balance was ₹582,843.91 before, ₹507,843.91 after. No delayed payments or cash flow issues observed. Outcome: healthy.) [expense], +Walk-in Store Sales (Daily) (Received ₹8,658.32 for Daily retail store sales revenue from Walk-in Store Sales (Daily). Cash balance was ₹507,843.91 before, ₹516,502.23 after. No delayed payments or cash flow issues observed. Outcome: healthy.) [income], +Star Retailers (Client) (Received ₹42,776.83 for Wholesale order invoice payment from retail chain from Star Retailers (Client). Cash balance was ₹516,502.23 before, ₹559,279.06 after. No delayed payments or cash flow issues observed. Outcome: healthy.) [income], -Payroll - Staff Salaries (Paid ₹75,000.00 for Monthly staff salary disbursement to Payroll - Staff Salarie) [expense], +Walk-in Store Sales (Daily) (Received ₹8,658.32 for Daily retail store sales revenue from Walk-in Store Sales) [income], +Star Retailers (Client) (Received ₹42,776.83 for Wholesale order invoice payment from retail chain from S) [income]"
2025-11-29,858446.74,16751.15,5723.68,0.0,101702.42,0.0,"User Transactions: -ABC Traders (Paid ₹50,851.21 for Inventory restocking - general merchandise to ABC Traders. Cash balance was ₹559,279.06 before, ₹508,427.85 after. No delayed payments or cash flow issues observed. Outcome: healthy.) [expense], -ABC Traders (Paid ₹50,851.21 for Inventory restocking - general merchandise to ABC Traders. C) [expense]"
2025-11-30,883489.99,29158.98,4115.74,0.0,0.0,24049.06,"User Transactions: +Walk-in Store Sales (Daily) (Received ₹12,024.53 for Daily retail store sales revenue from Walk-in Store Sales (Daily). Cash balance was ₹508,427.85 before, ₹520,452.38 after. No delayed payments or cash flow issues observed. Outcome: healthy.) [income], +Walk-in Store Sales (Daily) (Received ₹12,024.53 for Daily retail store sales revenue from Walk-in Store Sale) [income]"
2025-12-01,799137.44,9714.62,4067.17,30000.0,60000.0,0.0,"Monthly Office Rent; User Transactions: -Commercial Realty Trust (Paid ₹30,000.00 for Monthly office and store lease rent to Commercial Realty Trust. Cash balance was ₹520,452.38 before, ₹490,452.38 after. No delayed payments or cash flow issues observed. Outcome: healthy.) [expense], -Commercial Realty Trust (Paid ₹30,000.00 for Monthly office and store lease rent to Commercial Realty Tru) [expense]"
2025-12-02,776641.69,8619.82,3844.92,0.0,27270.64,0.0,"User Transactions: -Package Craft India (Paid ₹13,635.32 for Custom printed bags and shipping boxes to Package Craft India. Cash balance was ₹490,452.38 before, ₹476,817.06 after. No delayed payments or cash flow issues observed. Outcome: healthy.) [expense], -Package Craft India (Paid ₹13,635.32 for Custom printed bags and shipping boxes to Package Craft Indi) [expense]"
2025-12-03,816327.1,57015.56,4376.39,0.0,12953.76,48261.74,"User Transactions: -Sharma Logistics & Freight (Paid ₹6,476.88 for Freight and delivery charges to Sharma Logistics & Freight. Cash balance was ₹476,817.06 before, ₹470,340.18 after. No delayed payments or cash flow issues observed. Outcome: healthy.) [expense], +Walk-in Store Sales (Daily) (Received ₹24,130.87 for Daily retail store sales revenue from Walk-in Store Sales (Daily). Cash balance was ₹470,340.18 before, ₹494,471.05 after. No delayed payments or cash flow issues observed. Outcome: healthy.) [income], -Sharma Logistics & Freight (Paid ₹6,476.88 for Freight and delivery charges to Sharma Logistics & Freight. C) [expense], +Walk-in Store Sales (Daily) (Received ₹24,130.87 for Daily retail store sales revenue from Walk-in Store Sale) [income]"
2025-12-04,859356.33,47350.99,4321.76,0.0,0.0,40471.64,"User Transactions: +Walk-in Store Sales (Daily) (Received ₹20,235.82 for Daily retail store sales revenue from Walk-in Store Sales (Daily). Cash balance was ₹494,471.05 before, ₹514,706.87 after. No delayed payments or cash flow issues observed. Outcome: healthy.) [income], +Walk-in Store Sales (Daily) (Received ₹20,235.82 for Daily retail store sales revenue from Walk-in Store Sale) [income]"
2025-12-05,796939.0,14584.68,7002.01,0.0,70000.0,0.0,"User Transactions: -Croma Commercial POS Systems (Paid ₹35,000.00 for Barcode scanner and touch POS billing counter setup to Croma Commercial POS Systems. Cash balance was ₹514,706.87 before, ₹479,706.87 after. No delayed payments or cash flow issues observed. Outcome: healthy.) [expense], -Croma Commercial POS Systems (Paid ₹35,000.00 for Barcode scanner and touch POS billing counter setup to Croma) [expense]"
2025-12-06,842643.2,50507.65,4803.45,0.0,0.0,35740.06,"User Transactions: +Walk-in Store Sales (Daily) (Received ₹17,870.03 for Daily retail store sales revenue from Walk-in Store Sales (Daily). Cash balance was ₹479,706.87 before, ₹497,576.90 after. No delayed payments or cash flow issues observed. Outcome: healthy.) [income], +Walk-in Store Sales (Daily) (Received ₹17,870.03 for Daily retail store sales revenue from Walk-in Store Sale) [income]"
2025-12-07,874434.87,37580.43,5788.76,0.0,0.0,28383.54,"User Transactions: +Walk-in Store Sales (Daily) (Received ₹14,191.77 for Daily retail store sales revenue from Walk-in Store Sales (Daily). Cash balance was ₹497,576.90 before, ₹511,768.67 after. No delayed payments or cash flow issues observed. Outcome: healthy.) [income], +Walk-in Store Sales (Daily) (Received ₹14,191.77 for Daily retail store sales revenue from Walk-in Store Sale) [income]"
2025-12-08,879455.81,8928.11,3907.17,0.0,0.0,0.0,Daily retail operations
2025-12-09,894943.22,44019.12,5739.11,0.0,22792.6,34809.88,"User Transactions: -Meta Ads (Paid ₹11,396.30 for Facebook & Instagram advertising campaign to Meta Ads. Cash balance was ₹511,768.67 before, ₹500,372.37 after. No delayed payments or cash flow issues observed. Outcome: healthy.) [expense], +Walk-in Store Sales (Daily) (Received ₹8,650.37 for Daily retail store sales revenue from Walk-in Store Sales (Daily). Cash balance was ₹500,372.37 before, ₹509,022.74 after. No delayed payments or cash flow issues observed. Outcome: healthy.) [income], +Walk-in Store Sales (Daily) (Received ₹8,754.57 for Daily retail store sales revenue from Walk-in Store Sales (Daily). Cash balance was ₹509,022.74 before, ₹517,777.31 after. No delayed payments or cash flow issues observed. Outcome: healthy.) [income], -Meta Ads (Paid ₹11,396.30 for Facebook & Instagram advertising campaign to Meta Ads. Cash ) [expense], +Walk-in Store Sales (Daily) (Received ₹8,650.37 for Daily retail store sales revenue from Walk-in Store Sales) [income], +Walk-in Store Sales (Daily) (Received ₹8,754.57 for Daily retail store sales revenue from Walk-in Store Sales) [income]"
2025-12-10,923280.5,58758.3,5495.81,8000.0,16925.2,48980.44,"Monthly Utilities; User Transactions: -Tamil Nadu Electricity Board (TNEB) (Paid ₹8,462.60 for Commercial electricity bill to Tamil Nadu Electricity Board (TNEB). Cash balance was ₹517,777.31 before, ₹509,314.71 after. No delayed payments or cash flow issues observed. Outcome: healthy.) [expense], +Walk-in Store Sales (Daily) (Received ₹16,621.08 for Daily retail store sales revenue from Walk-in Store Sales (Daily). Cash balance was ₹509,314.71 before, ₹525,935.79 after. No delayed payments or cash flow issues observed. Outcome: healthy.) [income], +Online Portal Sales (Received ₹7,869.14 for E-commerce platform order settlement from Online Portal Sales. Cash balance was ₹525,935.79 before, ₹533,804.93 after. No delayed payments or cash flow issues observed. Outcome: healthy.) [income], -Tamil Nadu Electricity Board (TNEB) (Paid ₹8,462.60 for Commercial electricity bill to Tamil Nadu Electricity Board () [expense], +Walk-in Store Sales (Daily) (Received ₹16,621.08 for Daily retail store sales revenue from Walk-in Store Sale) [income], +Online Portal Sales (Received ₹7,869.14 for E-commerce platform order settlement from Online Portal S) [income]"
2025-12-11,965900.18,46700.46,4080.78,0.0,0.0,38555.18,"User Transactions: +Walk-in Store Sales (Daily) (Received ₹19,277.59 for Daily retail store sales revenue from Walk-in Store Sales (Daily). Cash balance was ₹533,804.93 before, ₹553,082.52 after. No delayed payments or cash flow issues observed. Outcome: healthy.) [income], +Walk-in Store Sales (Daily) (Received ₹19,277.59 for Daily retail store sales revenue from Walk-in Store Sale) [income]"
2025-12-12,969848.41,13325.37,4379.14,0.0,4998.0,0.0,"User Transactions: -Airtel Broadband (Paid ₹2,499.00 for Business internet and landline to Airtel Broadband. Cash balance was ₹553,082.52 before, ₹550,583.52 after. No delayed payments or cash flow issues observed. Outcome: healthy.) [expense], -Airtel Broadband (Paid ₹2,499.00 for Business internet and landline to Airtel Broadband. Cash bala) [expense]"
2025-12-13,1018366.96,53935.37,5416.83,0.0,0.0,39705.08,"User Transactions: +Walk-in Store Sales (Daily) (Received ₹19,852.54 for Daily retail store sales revenue from Walk-in Store Sales (Daily). Cash balance was ₹550,583.52 before, ₹570,436.06 after. No delayed payments or cash flow issues observed. Outcome: healthy.) [income], +Walk-in Store Sales (Daily) (Received ₹19,852.54 for Daily retail store sales revenue from Walk-in Store Sale) [income]"
2025-12-14,1073834.46,59979.68,4512.17,0.0,0.0,52668.6,"User Transactions: +Walk-in Store Sales (Daily) (Received ₹18,305.55 for Daily retail store sales revenue from Walk-in Store Sales (Daily). Cash balance was ₹570,436.06 before, ₹588,741.61 after. No delayed payments or cash flow issues observed. Outcome: healthy.) [income], +Walk-in Store Sales (Daily) (Received ₹8,028.75 for Daily retail store sales revenue from Walk-in Store Sales (Daily). Cash balance was ₹588,741.61 before, ₹596,770.36 after. No delayed payments or cash flow issues observed. Outcome: healthy.) [income], +Walk-in Store Sales (Daily) (Received ₹18,305.55 for Daily retail store sales revenue from Walk-in Store Sale) [income], +Walk-in Store Sales (Daily) (Received ₹8,028.75 for Daily retail store sales revenue from Walk-in Store Sales) [income]"
2025-12-15,1077290.62,9584.64,6128.47,0.0,0.0,0.0,Daily retail operations
2025-12-16,1070736.45,4512.37,4350.04,0.0,6716.5,0.0,"User Transactions: -Google Workspace (Paid ₹3,358.25 for Business email and productivity licenses to Google Workspace. Cash balance was ₹596,770.36 before, ₹593,412.11 after. No delayed payments or cash flow issues observed. Outcome: healthy.) [expense], -Google Workspace (Paid ₹3,358.25 for Business email and productivity licenses to Google Workspace.) [expense]"
2025-12-17,1094021.3,28008.24,4723.4,0.0,0.0,19931.96,"User Transactions: +Walk-in Store Sales (Daily) (Received ₹9,965.98 for Daily retail store sales revenue from Walk-in Store Sales (Daily). Cash balance was ₹593,412.11 before, ₹603,378.09 after. No delayed payments or cash flow issues observed. Outcome: healthy.) [income], +Walk-in Store Sales (Daily) (Received ₹9,965.98 for Daily retail store sales revenue from Walk-in Store Sales) [income]"
2025-12-18,1063650.38,38267.18,5461.18,0.0,63176.92,26674.5,"User Transactions: -ABC Traders (Paid ₹31,588.46 for Inventory restocking - general merchandise to ABC Traders. Cash balance was ₹603,378.09 before, ₹571,789.63 after. No delayed payments or cash flow issues observed. Outcome: healthy.) [expense], +Online Portal Sales (Received ₹13,337.25 for E-commerce platform order settlement from Online Portal Sales. Cash balance was ₹571,789.63 before, ₹585,126.88 after. No delayed payments or cash flow issues observed. Outcome: healthy.) [income], -ABC Traders (Paid ₹31,588.46 for Inventory restocking - general merchandise to ABC Traders. C) [expense], +Online Portal Sales (Received ₹13,337.25 for E-commerce platform order settlement from Online Portal ) [income]"
2025-12-19,1084037.12,29112.18,5846.16,0.0,2879.28,16019.0,"User Transactions: -Mineral Water Suppliers (Paid ₹1,439.64 for Monthly drinking water supply for office to Mineral Water Suppliers. Cash balance was ₹585,126.88 before, ₹583,687.24 after. No delayed payments or cash flow issues observed. Outcome: healthy.) [expense], +Online Portal Sales (Received ₹8,009.50 for E-commerce platform order settlement from Online Portal Sales. Cash balance was ₹583,687.24 before, ₹591,696.74 after. No delayed payments or cash flow issues observed. Outcome: healthy.) [income], -Mineral Water Suppliers (Paid ₹1,439.64 for Monthly drinking water supply for office to Mineral Water Sup) [expense], +Online Portal Sales (Received ₹8,009.50 for E-commerce platform order settlement from Online Portal S) [income]"
2025-12-20,1122871.44,43710.74,4876.41,0.0,0.0,30775.16,"User Transactions: +Walk-in Store Sales (Daily) (Received ₹15,387.58 for Daily retail store sales revenue from Walk-in Store Sales (Daily). Cash balance was ₹591,696.74 before, ₹607,084.32 after. No delayed payments or cash flow issues observed. Outcome: healthy.) [income], +Walk-in Store Sales (Daily) (Received ₹15,387.58 for Daily retail store sales revenue from Walk-in Store Sale) [income]"
2025-12-21,1121253.5,3425.46,5043.4,0.0,0.0,0.0,Daily retail operations
2025-12-22,1352364.85,236033.8,4922.46,0.0,0.0,225575.08,"User Transactions: +Walk-in Store Sales (Daily) (Received ₹20,230.31 for Daily retail store sales revenue from Walk-in Store Sales (Daily). Cash balance was ₹607,084.32 before, ₹627,314.63 after. No delayed payments or cash flow issues observed. Outcome: healthy.) [income], +Walk-in Store Sales (Daily) (Received ₹14,942.68 for Daily retail store sales revenue from Walk-in Store Sales (Daily). Cash balance was ₹627,314.63 before, ₹642,257.31 after. No delayed payments or cash flow issues observed. Outcome: healthy.) [income], +Star Retailers (Client) (Received ₹77,614.55 for Wholesale order invoice payment from retail chain from Star Retailers (Client). Cash balance was ₹642,257.31 before, ₹719,871.86 after. No delayed payments or cash flow issues observed. Outcome: healthy.) [income], +Walk-in Store Sales (Daily) (Received ₹20,230.31 for Daily retail store sales revenue from Walk-in Store Sale) [income], +Walk-in Store Sales (Daily) (Received ₹14,942.68 for Daily retail store sales revenue from Walk-in Store Sale) [income], +Star Retailers (Client) (Received ₹77,614.55 for Wholesale order invoice payment from retail chain from S) [income]"
2025-12-23,1355540.88,8612.42,5436.4,0.0,0.0,0.0,Daily retail operations
2025-12-24,1441347.46,89832.57,4025.99,0.0,0.0,83797.84,"User Transactions: +Walk-in Store Sales (Daily) (Received ₹21,369.28 for Daily retail store sales revenue from Walk-in Store Sales (Daily). Cash balance was ₹719,871.86 before, ₹741,241.14 after. No delayed payments or cash flow issues observed. Outcome: healthy.) [income], +Walk-in Store Sales (Daily) (Received ₹20,529.64 for Daily retail store sales revenue from Walk-in Store Sales (Daily). Cash balance was ₹741,241.14 before, ₹761,770.78 after. No delayed payments or cash flow issues observed. Outcome: healthy.) [income], +Walk-in Store Sales (Daily) (Received ₹21,369.28 for Daily retail store sales revenue from Walk-in Store Sale) [income], +Walk-in Store Sales (Daily) (Received ₹20,529.64 for Daily retail store sales revenue from Walk-in Store Sale) [income]"
2025-12-25,1287820.56,8942.19,4869.09,0.0,157600.0,0.0,"User Transactions: -Metro Cash & Carry (Paid ₹78,800.00 for Bulk FMCG and grocery inventory purchase to Metro Cash & Carry. Cash balance was ₹761,770.78 before, ₹682,970.78 after. No delayed payments or cash flow issues observed. Outcome: healthy.) [expense], -Metro Cash & Carry (Paid ₹78,800.00 for Bulk FMCG and grocery inventory purchase to Metro Cash & Car) [expense]"
2025-12-26,1299019.47,16273.21,5074.29,0.0,0.0,0.0,Daily retail operations
2025-12-27,1306078.59,13301.53,6242.42,0.0,0.0,0.0,Daily retail operations
2025-12-28,1082970.38,7030.84,5139.05,75000.0,150000.0,0.0,"Monthly Payroll Salaries; User Transactions: -Payroll - Staff Salaries (Paid ₹75,000.00 for Monthly staff salary disbursement to Payroll - Staff Salaries. Cash balance was ₹682,970.78 before, ₹607,970.78 after. No delayed payments or cash flow issues observed. Outcome: healthy.) [expense], -Payroll - Staff Salaries (Paid ₹75,000.00 for Monthly staff salary disbursement to Payroll - Staff Salarie) [expense]"
2025-12-29,1124904.14,55820.45,5168.77,0.0,8717.92,49084.54,"User Transactions: -CloudHost Technologies Pvt Ltd (Paid ₹4,358.96 for Monthly cloud hosting subscription to CloudHost Technologies Pvt Ltd. Cash balance was ₹607,970.78 before, ₹603,611.82 after. No delayed payments or cash flow issues observed. Outcome: healthy.) [expense], +Walk-in Store Sales (Daily) (Received ₹17,802.00 for Daily retail store sales revenue from Walk-in Store Sales (Daily). Cash balance was ₹603,611.82 before, ₹621,413.82 after. No delayed payments or cash flow issues observed. Outcome: healthy.) [income], +Online Portal Sales (Received ₹6,740.27 for E-commerce platform order settlement from Online Portal Sales. Cash balance was ₹621,413.82 before, ₹628,154.09 after. No delayed payments or cash flow issues observed. Outcome: healthy.) [income], -CloudHost Technologies Pvt Ltd (Paid ₹4,358.96 for Monthly cloud hosting subscription to CloudHost Technologies ) [expense], +Walk-in Store Sales (Daily) (Received ₹17,802.00 for Daily retail store sales revenue from Walk-in Store Sale) [income], +Online Portal Sales (Received ₹6,740.27 for E-commerce platform order settlement from Online Portal S) [income]"
2025-12-30,1112693.04,78991.43,2802.55,0.0,88399.98,70648.16,"User Transactions: -ABC Traders (Paid ₹44,199.99 for Inventory restocking - general merchandise to ABC Traders. Cash balance was ₹628,154.09 before, ₹583,954.10 after. No delayed payments or cash flow issues observed. Outcome: healthy.) [expense], +Walk-in Store Sales (Daily) (Received ₹21,710.68 for Daily retail store sales revenue from Walk-in Store Sales (Daily). Cash balance was ₹583,954.10 before, ₹605,664.78 after. No delayed payments or cash flow issues observed. Outcome: healthy.) [income], +Walk-in Store Sales (Daily) (Received ₹13,613.40 for Daily retail store sales revenue from Walk-in Store Sales (Daily). Cash balance was ₹605,664.78 before, ₹619,278.18 after. No delayed payments or cash flow issues observed. Outcome: healthy.) [income], -ABC Traders (Paid ₹44,199.99 for Inventory restocking - general merchandise to ABC Traders. C) [expense], +Walk-in Store Sales (Daily) (Received ₹21,710.68 for Daily retail store sales revenue from Walk-in Store Sale) [income], +Walk-in Store Sales (Daily) (Received ₹13,613.40 for Daily retail store sales revenue from Walk-in Store Sale) [income]"
2025-12-31,1116930.94,7880.23,3642.33,0.0,0.0,0.0,Daily retail operations
2026-01-01,1048776.23,26644.01,4798.73,30000.0,60000.0,17571.26,"Monthly Office Rent; User Transactions: -Commercial Realty Trust (Paid ₹30,000.00 for Monthly office and store lease rent to Commercial Realty Trust. Cash balance was ₹619,278.18 before, ₹589,278.18 after. No delayed payments or cash flow issues observed. Outcome: healthy.) [expense], +Walk-in Store Sales (Daily) (Received ₹8,785.63 for Daily retail store sales revenue from Walk-in Store Sales (Daily). Cash balance was ₹589,278.18 before, ₹598,063.81 after. No delayed payments or cash flow issues observed. Outcome: healthy.) [income], -Commercial Realty Trust (Paid ₹30,000.00 for Monthly office and store lease rent to Commercial Realty Tru) [expense], +Walk-in Store Sales (Daily) (Received ₹8,785.63 for Daily retail store sales revenue from Walk-in Store Sales) [income]"
2026-01-02,1083466.41,40023.57,5333.39,0.0,0.0,21148.12,"User Transactions: +Online Portal Sales (Received ₹10,574.06 for E-commerce platform order settlement from Online Portal Sales. Cash balance was ₹598,063.81 before, ₹608,637.87 after. No delayed payments or cash flow issues observed. Outcome: healthy.) [income], +Online Portal Sales (Received ₹10,574.06 for E-commerce platform order settlement from Online Portal ) [income]"
2026-01-03,1005437.66,36784.03,4079.11,0.0,110733.66,25648.74,"User Transactions: -ABC Traders (Paid ₹47,673.46 for Inventory restocking - general merchandise to ABC Traders. Cash balance was ₹608,637.87 before, ₹560,964.41 after. No delayed payments or cash flow issues observed. Outcome: healthy.) [expense], -Sharma Logistics & Freight (Paid ₹7,693.37 for Freight and delivery charges to Sharma Logistics & Freight. Cash balance was ₹560,964.41 before, ₹553,271.04 after. No delayed payments or cash flow issues observed. Outcome: healthy.) [expense], +Walk-in Store Sales (Daily) (Received ₹12,824.37 for Daily retail store sales revenue from Walk-in Store Sales (Daily). Cash balance was ₹553,271.04 before, ₹566,095.41 after. No delayed payments or cash flow issues observed. Outcome: healthy.) [income], -ABC Traders (Paid ₹47,673.46 for Inventory restocking - general merchandise to ABC Traders. C) [expense], -Sharma Logistics & Freight (Paid ₹7,693.37 for Freight and delivery charges to Sharma Logistics & Freight. C) [expense], +Walk-in Store Sales (Daily) (Received ₹12,824.37 for Daily retail store sales revenue from Walk-in Store Sale) [income]"
2026-01-04,1009948.56,10046.95,5536.05,0.0,0.0,0.0,Daily retail operations
2026-01-05,927561.63,3446.68,5262.03,0.0,80571.58,0.0,"User Transactions: -ABC Traders (Paid ₹40,285.79 for Inventory restocking - general merchandise to ABC Traders. Cash balance was ₹566,095.41 before, ₹525,809.62 after. No delayed payments or cash flow issues observed. Outcome: healthy.) [expense], -ABC Traders (Paid ₹40,285.79 for Inventory restocking - general merchandise to ABC Traders. C) [expense]"
2026-01-06,931323.46,34381.29,3530.34,0.0,27089.12,26082.2,"User Transactions: -Package Craft India (Paid ₹13,544.56 for Custom printed bags and shipping boxes to Package Craft India. Cash balance was ₹525,809.62 before, ₹512,265.06 after. No delayed payments or cash flow issues observed. Outcome: healthy.) [expense], +Online Portal Sales (Received ₹13,041.10 for E-commerce platform order settlement from Online Portal Sales. Cash balance was ₹512,265.06 before, ₹525,306.16 after. No delayed payments or cash flow issues observed. Outcome: healthy.) [income], -Package Craft India (Paid ₹13,544.56 for Custom printed bags and shipping boxes to Package Craft Indi) [expense], +Online Portal Sales (Received ₹13,041.10 for E-commerce platform order settlement from Online Portal ) [income]"
2026-01-07,934795.78,8861.4,5389.09,0.0,0.0,0.0,Daily retail operations
2026-01-08,938600.34,7459.89,3655.32,0.0,0.0,0.0,Daily retail operations
2026-01-09,949178.66,14187.57,3609.26,0.0,0.0,0.0,Daily retail operations
2026-01-10,899256.42,12425.69,4863.74,8000.0,49484.2,0.0,"Monthly Utilities; User Transactions: -Tamil Nadu Electricity Board (TNEB) (Paid ₹8,281.24 for Commercial electricity bill to Tamil Nadu Electricity Board (TNEB). Cash balance was ₹525,306.16 before, ₹517,024.92 after. No delayed payments or cash flow issues observed. Outcome: healthy.) [expense], -Kothari & Associates (Paid ₹15,000.00 for GST return filing and auditor compliance review to Kothari & Associates. Cash balance was ₹517,024.92 before, ₹502,024.92 after. No delayed payments or cash flow issues observed. Outcome: healthy.) [expense], -Mineral Water Suppliers (Paid ₹1,460.86 for Monthly drinking water supply for office to Mineral Water Suppliers. Cash balance was ₹502,024.92 before, ₹500,564.06 after. No delayed payments or cash flow issues observed. Outcome: healthy.) [expense], -Tamil Nadu Electricity Board (TNEB) (Paid ₹8,281.24 for Commercial electricity bill to Tamil Nadu Electricity Board () [expense], -Kothari & Associates (Paid ₹15,000.00 for GST return filing and auditor compliance review to Kothari &) [expense], -Mineral Water Suppliers (Paid ₹1,460.86 for Monthly drinking water supply for office to Mineral Water Sup) [expense]"
2026-01-11,954294.89,59547.78,4509.3,0.0,0.0,50984.76,"User Transactions: +Walk-in Store Sales (Daily) (Received ₹15,904.80 for Daily retail store sales revenue from Walk-in Store Sales (Daily). Cash balance was ₹500,564.06 before, ₹516,468.86 after. No delayed payments or cash flow issues observed. Outcome: healthy.) [income], +Walk-in Store Sales (Daily) (Received ₹9,587.58 for Daily retail store sales revenue from Walk-in Store Sales (Daily). Cash balance was ₹516,468.86 before, ₹526,056.44 after. No delayed payments or cash flow issues observed. Outcome: healthy.) [income], +Walk-in Store Sales (Daily) (Received ₹15,904.80 for Daily retail store sales revenue from Walk-in Store Sale) [income], +Walk-in Store Sales (Daily) (Received ₹9,587.58 for Daily retail store sales revenue from Walk-in Store Sales) [income]"
2026-01-12,951326.37,5346.17,3316.69,0.0,4998.0,0.0,"User Transactions: -Airtel Broadband (Paid ₹2,499.00 for Business internet and landline to Airtel Broadband. Cash balance was ₹526,056.44 before, ₹523,557.44 after. No delayed payments or cash flow issues observed. Outcome: healthy.) [expense], -Airtel Broadband (Paid ₹2,499.00 for Business internet and landline to Airtel Broadband. Cash bala) [expense]"
2026-01-13,977951.14,32490.74,5865.97,0.0,0.0,24295.48,"User Transactions: +Walk-in Store Sales (Daily) (Received ₹12,147.74 for Daily retail store sales revenue from Walk-in Store Sales (Daily). Cash balance was ₹523,557.44 before, ₹535,705.18 after. No delayed payments or cash flow issues observed. Outcome: healthy.) [income], +Walk-in Store Sales (Daily) (Received ₹12,147.74 for Daily retail store sales revenue from Walk-in Store Sale) [income]"
2026-01-14,1024438.86,52802.01,6314.3,0.0,0.0,46128.66,"User Transactions: +Walk-in Store Sales (Daily) (Received ₹23,064.33 for Daily retail store sales revenue from Walk-in Store Sales (Daily). Cash balance was ₹535,705.18 before, ₹558,769.51 after. No delayed payments or cash flow issues observed. Outcome: healthy.) [income], +Walk-in Store Sales (Daily) (Received ₹23,064.33 for Daily retail store sales revenue from Walk-in Store Sale) [income]"
2026-01-15,1058902.47,47005.27,4012.54,0.0,8529.12,38971.32,"User Transactions: -CloudHost Technologies Pvt Ltd (Paid ₹4,264.56 for Monthly cloud hosting subscription to CloudHost Technologies Pvt Ltd. Cash balance was ₹558,769.51 before, ₹554,504.95 after. No delayed payments or cash flow issues observed. Outcome: healthy.) [expense], +Walk-in Store Sales (Daily) (Received ₹19,485.66 for Daily retail store sales revenue from Walk-in Store Sales (Daily). Cash balance was ₹554,504.95 before, ₹573,990.61 after. No delayed payments or cash flow issues observed. Outcome: healthy.) [income], -CloudHost Technologies Pvt Ltd (Paid ₹4,264.56 for Monthly cloud hosting subscription to CloudHost Technologies ) [expense], +Walk-in Store Sales (Daily) (Received ₹19,485.66 for Daily retail store sales revenue from Walk-in Store Sale) [income]"
2026-01-16,1107341.86,53953.08,5513.7,0.0,0.0,36783.32,"User Transactions: +Walk-in Store Sales (Daily) (Received ₹18,391.66 for Daily retail store sales revenue from Walk-in Store Sales (Daily). Cash balance was ₹573,990.61 before, ₹592,382.27 after. No delayed payments or cash flow issues observed. Outcome: healthy.) [income], +Walk-in Store Sales (Daily) (Received ₹18,391.66 for Daily retail store sales revenue from Walk-in Store Sale) [income]"
2026-01-17,1267156.92,164716.14,4901.08,0.0,0.0,150231.66,"User Transactions: +Walk-in Store Sales (Daily) (Received ₹16,044.17 for Daily retail store sales revenue from Walk-in Store Sales (Daily). Cash balance was ₹592,382.27 before, ₹608,426.44 after. No delayed payments or cash flow issues observed. Outcome: healthy.) [income], +Pongal Festival Sales (Received ₹59,071.66 for Pongal festive retail sales revenue from Pongal Festival Sales. Cash balance was ₹608,426.44 before, ₹667,498.10 after. No delayed payments or cash flow issues observed. Outcome: healthy.) [income], +Walk-in Store Sales (Daily) (Received ₹16,044.17 for Daily retail store sales revenue from Walk-in Store Sale) [income], +Pongal Festival Sales (Received ₹59,071.66 for Pongal festive retail sales revenue from Pongal Festival) [income]"
2026-01-18,1270814.7,9425.21,5767.44,0.0,0.0,0.0,Daily retail operations
2026-01-19,1335962.62,68819.18,3671.26,0.0,0.0,59237.3,"User Transactions: +Walk-in Store Sales (Daily) (Received ₹18,313.25 for Daily retail store sales revenue from Walk-in Store Sales (Daily). Cash balance was ₹667,498.10 before, ₹685,811.35 after. No delayed payments or cash flow issues observed. Outcome: healthy.) [income], +Walk-in Store Sales (Daily) (Received ₹11,305.40 for Daily retail store sales revenue from Walk-in Store Sales (Daily). Cash balance was ₹685,811.35 before, ₹697,116.75 after. No delayed payments or cash flow issues observed. Outcome: healthy.) [income], +Walk-in Store Sales (Daily) (Received ₹18,313.25 for Daily retail store sales revenue from Walk-in Store Sale) [income], +Walk-in Store Sales (Daily) (Received ₹11,305.40 for Daily retail store sales revenue from Walk-in Store Sale) [income]"
2026-01-20,1335317.79,4751.88,5396.7,0.0,0.0,0.0,Daily retail operations
2026-01-21,1377093.25,47766.03,5990.58,0.0,0.0,39379.16,"User Transactions: +Walk-in Store Sales (Daily) (Received ₹19,689.58 for Daily retail store sales revenue from Walk-in Store Sales (Daily). Cash balance was ₹697,116.75 before, ₹716,806.33 after. No delayed payments or cash flow issues observed. Outcome: healthy.) [income], +Walk-in Store Sales (Daily) (Received ₹19,689.58 for Daily retail store sales revenue from Walk-in Store Sale) [income]"
2026-01-22,1442980.63,70524.64,4637.26,0.0,0.0,64074.24,"User Transactions: +Walk-in Store Sales (Daily) (Received ₹18,759.99 for Daily retail store sales revenue from Walk-in Store Sales (Daily). Cash balance was ₹716,806.33 before, ₹735,566.32 after. No delayed payments or cash flow issues observed. Outcome: healthy.) [income], +Walk-in Store Sales (Daily) (Received ₹13,277.13 for Daily retail store sales revenue from Walk-in Store Sales (Daily). Cash balance was ₹735,566.32 before, ₹748,843.45 after. No delayed payments or cash flow issues observed. Outcome: healthy.) [income], +Walk-in Store Sales (Daily) (Received ₹18,759.99 for Daily retail store sales revenue from Walk-in Store Sale) [income], +Walk-in Store Sales (Daily) (Received ₹13,277.13 for Daily retail store sales revenue from Walk-in Store Sale) [income]"
2026-01-23,1500570.88,62507.61,4917.35,0.0,0.0,49414.42,"User Transactions: +Walk-in Store Sales (Daily) (Received ₹14,527.63 for Daily retail store sales revenue from Walk-in Store Sales (Daily). Cash balance was ₹748,843.45 before, ₹763,371.08 after. No delayed payments or cash flow issues observed. Outcome: healthy.) [income], +Online Portal Sales (Received ₹10,179.58 for E-commerce platform order settlement from Online Portal Sales. Cash balance was ₹763,371.08 before, ₹773,550.66 after. No delayed payments or cash flow issues observed. Outcome: healthy.) [income], +Walk-in Store Sales (Daily) (Received ₹14,527.63 for Daily retail store sales revenue from Walk-in Store Sale) [income], +Online Portal Sales (Received ₹10,179.58 for E-commerce platform order settlement from Online Portal ) [income]"
2026-01-24,1502019.76,30475.8,6735.88,0.0,22291.04,21769.5,"User Transactions: -Meta Ads (Paid ₹11,145.52 for Facebook & Instagram advertising campaign to Meta Ads. Cash balance was ₹773,550.66 before, ₹762,405.14 after. No delayed payments or cash flow issues observed. Outcome: healthy.) [expense], +Walk-in Store Sales (Daily) (Received ₹10,884.75 for Daily retail store sales revenue from Walk-in Store Sales (Daily). Cash balance was ₹762,405.14 before, ₹773,289.89 after. No delayed payments or cash flow issues observed. Outcome: healthy.) [income], -Meta Ads (Paid ₹11,145.52 for Facebook & Instagram advertising campaign to Meta Ads. Cash ) [expense], +Walk-in Store Sales (Daily) (Received ₹10,884.75 for Daily retail store sales revenue from Walk-in Store Sale) [income]"
2026-01-25,1540574.69,44085.75,5530.83,0.0,0.0,36979.08,"User Transactions: +Walk-in Store Sales (Daily) (Received ₹9,238.08 for Daily retail store sales revenue from Walk-in Store Sales (Daily). Cash balance was ₹773,289.89 before, ₹782,527.97 after. No delayed payments or cash flow issues observed. Outcome: healthy.) [income], +Online Portal Sales (Received ₹9,251.46 for E-commerce platform order settlement from Online Portal Sales. Cash balance was ₹782,527.97 before, ₹791,779.43 after. No delayed payments or cash flow issues observed. Outcome: healthy.) [income], +Walk-in Store Sales (Daily) (Received ₹9,238.08 for Daily retail store sales revenue from Walk-in Store Sales) [income], +Online Portal Sales (Received ₹9,251.46 for E-commerce platform order settlement from Online Portal S) [income]"
2026-01-26,1569471.67,32558.65,3661.67,0.0,0.0,22770.42,"User Transactions: +Walk-in Store Sales (Daily) (Received ₹11,385.21 for Daily retail store sales revenue from Walk-in Store Sales (Daily). Cash balance was ₹791,779.43 before, ₹803,164.64 after. No delayed payments or cash flow issues observed. Outcome: healthy.) [income], +Walk-in Store Sales (Daily) (Received ₹11,385.21 for Daily retail store sales revenue from Walk-in Store Sale) [income]"
2026-01-27,1573040.25,8129.25,4560.66,0.0,0.0,0.0,Daily retail operations
2026-01-28,1347120.68,2713.04,3632.61,75000.0,150000.0,0.0,"Monthly Payroll Salaries; User Transactions: -Payroll - Staff Salaries (Paid ₹75,000.00 for Monthly staff salary disbursement to Payroll - Staff Salaries. Cash balance was ₹803,164.64 before, ₹728,164.64 after. No delayed payments or cash flow issues observed. Outcome: healthy.) [expense], -Payroll - Staff Salaries (Paid ₹75,000.00 for Monthly staff salary disbursement to Payroll - Staff Salarie) [expense]"
2026-01-29,1397551.99,56376.36,5945.06,0.0,0.0,48634.28,"User Transactions: +Walk-in Store Sales (Daily) (Received ₹24,317.14 for Daily retail store sales revenue from Walk-in Store Sales (Daily). Cash balance was ₹728,164.64 before, ₹752,481.78 after. No delayed payments or cash flow issues observed. Outcome: healthy.) [income], +Walk-in Store Sales (Daily) (Received ₹24,317.14 for Daily retail store sales revenue from Walk-in Store Sale) [income]"
2026-01-30,1399652.57,8968.19,6867.6,0.0,0.0,0.0,Daily retail operations
2026-01-31,1451021.25,55468.08,4099.41,0.0,0.0,41538.7,"User Transactions: +Walk-in Store Sales (Daily) (Received ₹20,769.35 for Daily retail store sales revenue from Walk-in Store Sales (Daily). Cash balance was ₹752,481.78 before, ₹773,251.13 after. No delayed payments or cash flow issues observed. Outcome: healthy.) [income], +Walk-in Store Sales (Daily) (Received ₹20,769.35 for Daily retail store sales revenue from Walk-in Store Sale) [income]"
2026-02-01,1390534.28,35102.81,5589.77,30000.0,60000.0,27134.64,"Monthly Office Rent; User Transactions: -Commercial Realty Trust (Paid ₹30,000.00 for Monthly office and store lease rent to Commercial Realty Trust. Cash balance was ₹773,251.13 before, ₹743,251.13 after. No delayed payments or cash flow issues observed. Outcome: healthy.) [expense], +Online Portal Sales (Received ₹13,567.32 for E-commerce platform order settlement from Online Portal Sales. Cash balance was ₹743,251.13 before, ₹756,818.45 after. No delayed payments or cash flow issues observed. Outcome: healthy.) [income], -Commercial Realty Trust (Paid ₹30,000.00 for Monthly office and store lease rent to Commercial Realty Tru) [expense], +Online Portal Sales (Received ₹13,567.32 for E-commerce platform order settlement from Online Portal ) [income]"
2026-02-02,1390694.94,8200.99,5351.28,0.0,2689.04,0.0,"User Transactions: -Mineral Water Suppliers (Paid ₹1,344.52 for Monthly drinking water supply for office to Mineral Water Suppliers. Cash balance was ₹756,818.45 before, ₹755,473.93 after. No delayed payments or cash flow issues observed. Outcome: healthy.) [expense], -Mineral Water Suppliers (Paid ₹1,344.52 for Monthly drinking water supply for office to Mineral Water Sup) [expense]"
2026-02-03,1392883.11,8302.14,6113.97,0.0,0.0,0.0,Daily retail operations
2026-02-04,1427813.27,38877.8,3947.64,0.0,0.0,31519.7,"User Transactions: +Walk-in Store Sales (Daily) (Received ₹15,759.85 for Daily retail store sales revenue from Walk-in Store Sales (Daily). Cash balance was ₹755,473.93 before, ₹771,233.78 after. No delayed payments or cash flow issues observed. Outcome: healthy.) [income], +Walk-in Store Sales (Daily) (Received ₹15,759.85 for Daily retail store sales revenue from Walk-in Store Sale) [income]"
2026-02-05,1457190.01,34607.24,5230.5,0.0,0.0,23862.9,"User Transactions: +Walk-in Store Sales (Daily) (Received ₹11,931.45 for Daily retail store sales revenue from Walk-in Store Sales (Daily). Cash balance was ₹771,233.78 before, ₹783,165.23 after. No delayed payments or cash flow issues observed. Outcome: healthy.) [income], +Walk-in Store Sales (Daily) (Received ₹11,931.45 for Daily retail store sales revenue from Walk-in Store Sale) [income]"
2026-02-06,1498630.18,47242.18,5802.01,0.0,0.0,41284.28,"User Transactions: +Walk-in Store Sales (Daily) (Received ₹20,642.14 for Daily retail store sales revenue from Walk-in Store Sales (Daily). Cash balance was ₹783,165.23 before, ₹803,807.37 after. No delayed payments or cash flow issues observed. Outcome: healthy.) [income], +Walk-in Store Sales (Daily) (Received ₹20,642.14 for Daily retail store sales revenue from Walk-in Store Sale) [income]"
2026-02-07,1530918.42,37390.77,5102.53,0.0,0.0,26657.82,"User Transactions: +Online Portal Sales (Received ₹13,328.91 for E-commerce platform order settlement from Online Portal Sales. Cash balance was ₹803,807.37 before, ₹817,136.28 after. No delayed payments or cash flow issues observed. Outcome: healthy.) [income], +Online Portal Sales (Received ₹13,328.91 for E-commerce platform order settlement from Online Portal ) [income]"
2026-02-08,1531363.82,7900.22,7454.81,0.0,0.0,0.0,Daily retail operations
2026-02-09,1424291.9,7320.91,6079.56,0.0,108313.28,0.0,"User Transactions: -ABC Traders (Paid ₹54,156.64 for Inventory restocking - general merchandise to ABC Traders. Cash balance was ₹817,136.28 before, ₹762,979.64 after. No delayed payments or cash flow issues observed. Outcome: healthy.) [expense], -ABC Traders (Paid ₹54,156.64 for Inventory restocking - general merchandise to ABC Traders. C) [expense]"
2026-02-10,1422809.82,31156.42,4483.2,8000.0,20155.3,23972.78,"Monthly Utilities; User Transactions: -Tamil Nadu Electricity Board (TNEB) (Paid ₹10,077.65 for Commercial electricity bill to Tamil Nadu Electricity Board (TNEB). Cash balance was ₹762,979.64 before, ₹752,901.99 after. No delayed payments or cash flow issues observed. Outcome: healthy.) [expense], +Walk-in Store Sales (Daily) (Received ₹11,986.39 for Daily retail store sales revenue from Walk-in Store Sales (Daily). Cash balance was ₹752,901.99 before, ₹764,888.38 after. No delayed payments or cash flow issues observed. Outcome: healthy.) [income], -Tamil Nadu Electricity Board (TNEB) (Paid ₹10,077.65 for Commercial electricity bill to Tamil Nadu Electricity Board ) [expense], +Walk-in Store Sales (Daily) (Received ₹11,986.39 for Daily retail store sales revenue from Walk-in Store Sale) [income]"
2026-02-11,1407007.15,34974.47,6118.96,0.0,44658.18,26870.12,"User Transactions: -Google Ads (Paid ₹22,329.09 for Search engine keyword marketing campaign to Google Ads. Cash balance was ₹764,888.38 before, ₹742,559.29 after. No delayed payments or cash flow issues observed. Outcome: healthy.) [expense], +Walk-in Store Sales (Daily) (Received ₹13,435.06 for Daily retail store sales revenue from Walk-in Store Sales (Daily). Cash balance was ₹742,559.29 before, ₹755,994.35 after. No delayed payments or cash flow issues observed. Outcome: healthy.) [income], -Google Ads (Paid ₹22,329.09 for Search engine keyword marketing campaign to Google Ads. Cash) [expense], +Walk-in Store Sales (Daily) (Received ₹13,435.06 for Daily retail store sales revenue from Walk-in Store Sale) [income]"
2026-02-12,1380865.26,10480.31,4074.46,0.0,32547.74,0.0,"User Transactions: -Airtel Broadband (Paid ₹2,499.00 for Business internet and landline to Airtel Broadband. Cash balance was ₹755,994.35 before, ₹753,495.35 after. No delayed payments or cash flow issues observed. Outcome: healthy.) [expense], -CloudHost Technologies Pvt Ltd (Paid ₹4,381.26 for Monthly cloud hosting subscription to CloudHost Technologies Pvt Ltd. Cash balance was ₹753,495.35 before, ₹749,114.09 after. No delayed payments or cash flow issues observed. Outcome: healthy.) [expense], -Local Print Media (Paid ₹9,393.61 for Promotional pamphlets and newspaper inserts to Local Print Media. Cash balance was ₹749,114.09 before, ₹739,720.48 after. No delayed payments or cash flow issues observed. Outcome: healthy.) [expense], -Airtel Broadband (Paid ₹2,499.00 for Business internet and landline to Airtel Broadband. Cash bala) [expense], -CloudHost Technologies Pvt Ltd (Paid ₹4,381.26 for Monthly cloud hosting subscription to CloudHost Technologies ) [expense], -Local Print Media (Paid ₹9,393.61 for Promotional pamphlets and newspaper inserts to Local Print Me) [expense]"
2026-02-13,1422864.49,46219.2,4219.97,0.0,0.0,28096.76,"User Transactions: +Online Portal Sales (Received ₹14,048.38 for E-commerce platform order settlement from Online Portal Sales. Cash balance was ₹739,720.48 before, ₹753,768.86 after. No delayed payments or cash flow issues observed. Outcome: healthy.) [income], +Online Portal Sales (Received ₹14,048.38 for E-commerce platform order settlement from Online Portal ) [income]"
2026-02-14,1670844.19,254191.02,6211.32,0.0,0.0,241519.88,"User Transactions: +Apex Enterprises (Client) (Received ₹120,759.94 for Wholesale goods dispatch payment from corporate client from Apex Enterprises (Client). Cash balance was ₹753,768.86 before, ₹874,528.80 after. No delayed payments or cash flow issues observed. Outcome: healthy.) [income], +Apex Enterprises (Client) (Received ₹120,759.94 for Wholesale goods dispatch payment from corporate client ) [income]"
2026-02-15,1694248.88,29074.65,5669.96,0.0,0.0,18634.44,"User Transactions: +Walk-in Store Sales (Daily) (Received ₹9,317.22 for Daily retail store sales revenue from Walk-in Store Sales (Daily). Cash balance was ₹874,528.80 before, ₹883,846.02 after. No delayed payments or cash flow issues observed. Outcome: healthy.) [income], +Walk-in Store Sales (Daily) (Received ₹9,317.22 for Daily retail store sales revenue from Walk-in Store Sales) [income]"
2026-02-16,1726532.31,37181.3,4897.87,0.0,0.0,31302.38,"User Transactions: +Walk-in Store Sales (Daily) (Received ₹15,651.19 for Daily retail store sales revenue from Walk-in Store Sales (Daily). Cash balance was ₹883,846.02 before, ₹899,497.21 after. No delayed payments or cash flow issues observed. Outcome: healthy.) [income], +Walk-in Store Sales (Daily) (Received ₹15,651.19 for Daily retail store sales revenue from Walk-in Store Sale) [income]"
2026-02-17,1639523.75,90108.69,5854.47,0.0,171262.78,80097.52,"User Transactions: -Metro Cash & Carry (Paid ₹85,631.39 for Bulk FMCG and grocery inventory purchase to Metro Cash & Carry. Cash balance was ₹899,497.21 before, ₹813,865.82 after. No delayed payments or cash flow issues observed. Outcome: healthy.) [expense], +Walk-in Store Sales (Daily) (Received ₹24,794.17 for Daily retail store sales revenue from Walk-in Store Sales (Daily). Cash balance was ₹813,865.82 before, ₹838,659.99 after. No delayed payments or cash flow issues observed. Outcome: healthy.) [income], +Walk-in Store Sales (Daily) (Received ₹15,254.59 for Daily retail store sales revenue from Walk-in Store Sales (Daily). Cash balance was ₹838,659.99 before, ₹853,914.58 after. No delayed payments or cash flow issues observed. Outcome: healthy.) [income], -Metro Cash & Carry (Paid ₹85,631.39 for Bulk FMCG and grocery inventory purchase to Metro Cash & Car) [expense], +Walk-in Store Sales (Daily) (Received ₹24,794.17 for Daily retail store sales revenue from Walk-in Store Sale) [income], +Walk-in Store Sales (Daily) (Received ₹15,254.59 for Daily retail store sales revenue from Walk-in Store Sale) [income]"
2026-02-18,1693870.09,59800.34,5454.0,0.0,0.0,49900.7,"User Transactions: +Walk-in Store Sales (Daily) (Received ₹15,580.53 for Daily retail store sales revenue from Walk-in Store Sales (Daily). Cash balance was ₹853,914.58 before, ₹869,495.11 after. No delayed payments or cash flow issues observed. Outcome: healthy.) [income], +Walk-in Store Sales (Daily) (Received ₹9,369.82 for Daily retail store sales revenue from Walk-in Store Sales (Daily). Cash balance was ₹869,495.11 before, ₹878,864.93 after. No delayed payments or cash flow issues observed. Outcome: healthy.) [income], +Walk-in Store Sales (Daily) (Received ₹15,580.53 for Daily retail store sales revenue from Walk-in Store Sale) [income], +Walk-in Store Sales (Daily) (Received ₹9,369.82 for Daily retail store sales revenue from Walk-in Store Sales) [income]"
2026-02-19,1724068.5,35907.01,5708.59,0.0,0.0,28921.24,"User Transactions: +Online Portal Sales (Received ₹14,460.62 for E-commerce platform order settlement from Online Portal Sales. Cash balance was ₹878,864.93 before, ₹893,325.55 after. No delayed payments or cash flow issues observed. Outcome: healthy.) [income], +Online Portal Sales (Received ₹14,460.62 for E-commerce platform order settlement from Online Portal ) [income]"
2026-02-20,1792548.57,79774.04,5693.97,0.0,5600.0,70498.36,"User Transactions: +Walk-in Store Sales (Daily) (Received ₹13,394.07 for Daily retail store sales revenue from Walk-in Store Sales (Daily). Cash balance was ₹893,325.55 before, ₹906,719.62 after. No delayed payments or cash flow issues observed. Outcome: healthy.) [income], +Walk-in Store Sales (Daily) (Received ₹21,855.11 for Daily retail store sales revenue from Walk-in Store Sales (Daily). Cash balance was ₹906,719.62 before, ₹928,574.73 after. No delayed payments or cash flow issues observed. Outcome: healthy.) [income], -Customer Return - Retail (Received ₹2,800.00 for Refund issued to walk-in customer for defective product from Customer Return - Retail. Cash balance was ₹928,574.73 before, ₹925,774.73 after. No delayed payments or cash flow issues observed. Outcome: healthy.) [return_out], +Walk-in Store Sales (Daily) (Received ₹13,394.07 for Daily retail store sales revenue from Walk-in Store Sale) [income], +Walk-in Store Sales (Daily) (Received ₹21,855.11 for Daily retail store sales revenue from Walk-in Store Sale) [income], -Customer Return - Retail (Received ₹2,800.00 for Refund issued to walk-in customer for defective product f) [return_out]"
2026-02-21,1832482.44,63983.09,6941.94,0.0,17107.28,49562.94,"User Transactions: -Sharma Logistics & Freight (Paid ₹8,553.64 for Freight and delivery charges to Sharma Logistics & Freight. Cash balance was ₹925,774.73 before, ₹917,221.09 after. No delayed payments or cash flow issues observed. Outcome: healthy.) [expense], +Walk-in Store Sales (Daily) (Received ₹12,714.29 for Daily retail store sales revenue from Walk-in Store Sales (Daily). Cash balance was ₹917,221.09 before, ₹929,935.38 after. No delayed payments or cash flow issues observed. Outcome: healthy.) [income], +Walk-in Store Sales (Daily) (Received ₹12,067.18 for Daily retail store sales revenue from Walk-in Store Sales (Daily). Cash balance was ₹929,935.38 before, ₹942,002.56 after. No delayed payments or cash flow issues observed. Outcome: healthy.) [income], -Sharma Logistics & Freight (Paid ₹8,553.64 for Freight and delivery charges to Sharma Logistics & Freight. C) [expense], +Walk-in Store Sales (Daily) (Received ₹12,714.29 for Daily retail store sales revenue from Walk-in Store Sale) [income], +Walk-in Store Sales (Daily) (Received ₹12,067.18 for Daily retail store sales revenue from Walk-in Store Sale) [income]"
2026-02-22,1833109.84,4730.01,4102.61,0.0,0.0,0.0,Daily retail operations
2026-02-23,1857907.7,29170.21,4372.35,0.0,0.0,21195.38,"User Transactions: +Walk-in Store Sales (Daily) (Received ₹10,597.69 for Daily retail store sales revenue from Walk-in Store Sales (Daily). Cash balance was ₹942,002.56 before, ₹952,600.25 after. No delayed payments or cash flow issues observed. Outcome: healthy.) [income], +Walk-in Store Sales (Daily) (Received ₹10,597.69 for Daily retail store sales revenue from Walk-in Store Sale) [income]"
2026-02-24,1756624.06,5890.36,4622.81,0.0,102551.18,0.0,"User Transactions: -ABC Traders (Paid ₹51,275.59 for Inventory restocking - general merchandise to ABC Traders. Cash balance was ₹952,600.25 before, ₹901,324.66 after. No delayed payments or cash flow issues observed. Outcome: healthy.) [expense], -ABC Traders (Paid ₹51,275.59 for Inventory restocking - general merchandise to ABC Traders. C) [expense]"
2026-02-25,1861897.17,111457.21,6184.1,0.0,0.0,104438.84,"User Transactions: +Walk-in Store Sales (Daily) (Received ₹23,154.24 for Daily retail store sales revenue from Walk-in Store Sales (Daily). Cash balance was ₹901,324.66 before, ₹924,478.90 after. No delayed payments or cash flow issues observed. Outcome: healthy.) [income], +Walk-in Store Sales (Daily) (Received ₹12,203.08 for Daily retail store sales revenue from Walk-in Store Sales (Daily). Cash balance was ₹924,478.90 before, ₹936,681.98 after. No delayed payments or cash flow issues observed. Outcome: healthy.) [income], +Walk-in Store Sales (Daily) (Received ₹16,862.10 for Daily retail store sales revenue from Walk-in Store Sales (Daily). Cash balance was ₹936,681.98 before, ₹953,544.08 after. No delayed payments or cash flow issues observed. Outcome: healthy.) [income], +Walk-in Store Sales (Daily) (Received ₹23,154.24 for Daily retail store sales revenue from Walk-in Store Sale) [income], +Walk-in Store Sales (Daily) (Received ₹12,203.08 for Daily retail store sales revenue from Walk-in Store Sale) [income], +Walk-in Store Sales (Daily) (Received ₹16,862.10 for Daily retail store sales revenue from Walk-in Store Sale) [income]"
2026-02-26,1896927.66,40582.04,5551.55,0.0,0.0,31797.88,"User Transactions: +Walk-in Store Sales (Daily) (Received ₹15,898.94 for Daily retail store sales revenue from Walk-in Store Sales (Daily). Cash balance was ₹953,544.08 before, ₹969,443.02 after. No delayed payments or cash flow issues observed. Outcome: healthy.) [income], +Walk-in Store Sales (Daily) (Received ₹15,898.94 for Daily retail store sales revenue from Walk-in Store Sale) [income]"
2026-02-27,1905088.95,12320.26,4158.97,0.0,0.0,0.0,Daily retail operations
2026-02-28,1690044.84,14931.1,4975.22,75000.0,150000.0,0.0,"Monthly Payroll Salaries; User Transactions: -Payroll - Staff Salaries (Paid ₹75,000.00 for Monthly staff salary disbursement to Payroll - Staff Salaries. Cash balance was ₹969,443.02 before, ₹894,443.02 after. No delayed payments or cash flow issues observed. Outcome: healthy.) [expense], -Payroll - Staff Salaries (Paid ₹75,000.00 for Monthly staff salary disbursement to Payroll - Staff Salarie) [expense]"
2026-03-01,1627309.66,31479.9,4215.07,30000.0,60000.0,24980.48,"Monthly Office Rent; User Transactions: -Commercial Realty Trust (Paid ₹30,000.00 for Monthly office and store lease rent to Commercial Realty Trust. Cash balance was ₹894,443.02 before, ₹864,443.02 after. No delayed payments or cash flow issues observed. Outcome: healthy.) [expense], +Online Portal Sales (Received ₹12,490.24 for E-commerce platform order settlement from Online Portal Sales. Cash balance was ₹864,443.02 before, ₹876,933.26 after. No delayed payments or cash flow issues observed. Outcome: healthy.) [income], -Commercial Realty Trust (Paid ₹30,000.00 for Monthly office and store lease rent to Commercial Realty Tru) [expense], +Online Portal Sales (Received ₹12,490.24 for E-commerce platform order settlement from Online Portal ) [income]"
2026-03-02,1659820.67,39446.39,6935.38,0.0,0.0,29998.16,"User Transactions: +Online Portal Sales (Received ₹14,999.08 for E-commerce platform order settlement from Online Portal Sales. Cash balance was ₹876,933.26 before, ₹891,932.34 after. No delayed payments or cash flow issues observed. Outcome: healthy.) [income], +Online Portal Sales (Received ₹14,999.08 for E-commerce platform order settlement from Online Portal ) [income]"
2026-03-03,1698912.59,45520.68,6428.76,0.0,0.0,37853.48,"User Transactions: +Walk-in Store Sales (Daily) (Received ₹18,926.74 for Daily retail store sales revenue from Walk-in Store Sales (Daily). Cash balance was ₹891,932.34 before, ₹910,859.08 after. No delayed payments or cash flow issues observed. Outcome: healthy.) [income], +Walk-in Store Sales (Daily) (Received ₹18,926.74 for Daily retail store sales revenue from Walk-in Store Sale) [income]"
2026-03-04,1704963.19,11788.24,5737.64,0.0,0.0,0.0,Daily retail operations
2026-03-05,1754469.49,53192.65,3686.35,0.0,0.0,45472.94,"User Transactions: +Walk-in Store Sales (Daily) (Received ₹22,736.47 for Daily retail store sales revenue from Walk-in Store Sales (Daily). Cash balance was ₹910,859.08 before, ₹933,595.55 after. No delayed payments or cash flow issues observed. Outcome: healthy.) [income], +Walk-in Store Sales (Daily) (Received ₹22,736.47 for Daily retail store sales revenue from Walk-in Store Sale) [income]"
2026-03-06,1783649.85,34595.72,5415.36,0.0,0.0,17709.68,"User Transactions: +Walk-in Store Sales (Daily) (Received ₹8,854.84 for Daily retail store sales revenue from Walk-in Store Sales (Daily). Cash balance was ₹933,595.55 before, ₹942,450.39 after. No delayed payments or cash flow issues observed. Outcome: healthy.) [income], +Walk-in Store Sales (Daily) (Received ₹8,854.84 for Daily retail store sales revenue from Walk-in Store Sales) [income]"
2026-03-07,1791471.4,11706.22,3884.67,0.0,0.0,0.0,Daily retail operations
2026-03-08,1794480.26,9327.76,6318.9,0.0,0.0,0.0,Daily retail operations
2026-03-09,1789175.71,8675.75,5452.62,0.0,8527.68,0.0,"User Transactions: -CloudHost Technologies Pvt Ltd (Paid ₹4,263.84 for Monthly cloud hosting subscription to CloudHost Technologies Pvt Ltd. Cash balance was ₹942,450.39 before, ₹938,186.55 after. No delayed payments or cash flow issues observed. Outcome: healthy.) [expense], -CloudHost Technologies Pvt Ltd (Paid ₹4,263.84 for Monthly cloud hosting subscription to CloudHost Technologies ) [expense]"
2026-03-10,1767170.58,11341.24,5609.47,8000.0,19736.9,0.0,"Monthly Utilities; User Transactions: -Tamil Nadu Electricity Board (TNEB) (Paid ₹9,868.45 for Commercial electricity bill to Tamil Nadu Electricity Board (TNEB). Cash balance was ₹938,186.55 before, ₹928,318.10 after. No delayed payments or cash flow issues observed. Outcome: healthy.) [expense], -Tamil Nadu Electricity Board (TNEB) (Paid ₹9,868.45 for Commercial electricity bill to Tamil Nadu Electricity Board () [expense]"
2026-03-11,1769468.63,9065.92,6767.87,0.0,0.0,0.0,Daily retail operations
2026-03-12,1766981.52,6434.57,3923.67,0.0,4998.0,0.0,"User Transactions: -Airtel Broadband (Paid ₹2,499.00 for Business internet and landline to Airtel Broadband. Cash balance was ₹928,318.10 before, ₹925,819.10 after. No delayed payments or cash flow issues observed. Outcome: healthy.) [expense], -Airtel Broadband (Paid ₹2,499.00 for Business internet and landline to Airtel Broadband. Cash bala) [expense]"
2026-03-13,1866833.11,104005.65,4154.06,0.0,0.0,86775.72,"User Transactions: +Walk-in Store Sales (Daily) (Received ₹16,108.66 for Daily retail store sales revenue from Walk-in Store Sales (Daily). Cash balance was ₹925,819.10 before, ₹941,927.76 after. No delayed payments or cash flow issues observed. Outcome: healthy.) [income], +Walk-in Store Sales (Daily) (Received ₹13,714.20 for Daily retail store sales revenue from Walk-in Store Sales (Daily). Cash balance was ₹941,927.76 before, ₹955,641.96 after. No delayed payments or cash flow issues observed. Outcome: healthy.) [income], +Walk-in Store Sales (Daily) (Received ₹13,565.00 for Daily retail store sales revenue from Walk-in Store Sales (Daily). Cash balance was ₹955,641.96 before, ₹969,206.96 after. No delayed payments or cash flow issues observed. Outcome: healthy.) [income], +Walk-in Store Sales (Daily) (Received ₹16,108.66 for Daily retail store sales revenue from Walk-in Store Sale) [income], +Walk-in Store Sales (Daily) (Received ₹13,714.20 for Daily retail store sales revenue from Walk-in Store Sale) [income], +Walk-in Store Sales (Daily) (Received ₹13,565.00 for Daily retail store sales revenue from Walk-in Store Sale) [income]"
2026-03-14,1946067.68,84079.25,4844.68,0.0,0.0,66811.32,"User Transactions: +Walk-in Store Sales (Daily) (Received ₹17,149.75 for Daily retail store sales revenue from Walk-in Store Sales (Daily). Cash balance was ₹969,206.96 before, ₹986,356.71 after. No delayed payments or cash flow issues observed. Outcome: healthy.) [income], +Walk-in Store Sales (Daily) (Received ₹16,255.91 for Daily retail store sales revenue from Walk-in Store Sales (Daily). Cash balance was ₹986,356.71 before, ₹1,002,612.62 after. No delayed payments or cash flow issues observed. Outcome: healthy.) [income], +Walk-in Store Sales (Daily) (Received ₹17,149.75 for Daily retail store sales revenue from Walk-in Store Sale) [income], +Walk-in Store Sales (Daily) (Received ₹16,255.91 for Daily retail store sales revenue from Walk-in Store Sale) [income]"
2026-03-15,1904489.01,52248.83,3827.49,0.0,90000.0,47264.42,"User Transactions: -ABC Traders (Paid ₹45,000.00 for General merchandise - inventory restock to ABC Traders. Cash balance was ₹1,002,612.62 before, ₹957,612.62 after. No delayed payments or cash flow issues observed. Outcome: healthy.) [expense], +Walk-in Store Sales (Daily) (Received ₹23,632.21 for Daily retail store sales revenue from Walk-in Store Sales (Daily). Cash balance was ₹957,612.62 before, ₹981,244.83 after. No delayed payments or cash flow issues observed. Outcome: healthy.) [income], -ABC Traders (Paid ₹45,000.00 for General merchandise - inventory restock to ABC Traders. Cash) [expense], +Walk-in Store Sales (Daily) (Received ₹23,632.21 for Daily retail store sales revenue from Walk-in Store Sale) [income]"
2026-03-16,1929805.23,30115.9,4799.68,0.0,0.0,23460.34,"User Transactions: +Walk-in Store Sales (Daily) (Received ₹11,730.17 for Daily retail store sales revenue from Walk-in Store Sales (Daily). Cash balance was ₹981,244.83 before, ₹992,975.00 after. No delayed payments or cash flow issues observed. Outcome: healthy.) [income], +Walk-in Store Sales (Daily) (Received ₹11,730.17 for Daily retail store sales revenue from Walk-in Store Sale) [income]"
2026-03-17,1934371.2,9840.48,5274.51,0.0,0.0,0.0,Daily retail operations
2026-03-18,1938140.3,9552.86,5783.77,0.0,0.0,0.0,Daily retail operations
2026-03-19,1974020.72,42270.82,6390.4,0.0,0.0,38542.0,"User Transactions: +Walk-in Store Sales (Daily) (Received ₹19,271.00 for Daily retail store sales revenue from Walk-in Store Sales (Daily). Cash balance was ₹992,975.00 before, ₹1,012,246.00 after. No delayed payments or cash flow issues observed. Outcome: healthy.) [income], +Walk-in Store Sales (Daily) (Received ₹19,271.00 for Daily retail store sales revenue from Walk-in Store Sale) [income]"
2026-03-20,2064855.39,95774.96,4940.29,0.0,0.0,80685.78,"User Transactions: +Walk-in Store Sales (Daily) (Received ₹23,262.79 for Daily retail store sales revenue from Walk-in Store Sales (Daily). Cash balance was ₹1,012,246.00 before, ₹1,035,508.79 after. No delayed payments or cash flow issues observed. Outcome: healthy.) [income], +Walk-in Store Sales (Daily) (Received ₹17,080.10 for Daily retail store sales revenue from Walk-in Store Sales (Daily). Cash balance was ₹1,035,508.79 before, ₹1,052,588.89 after. No delayed payments or cash flow issues observed. Outcome: healthy.) [income], +Walk-in Store Sales (Daily) (Received ₹23,262.79 for Daily retail store sales revenue from Walk-in Store Sale) [income], +Walk-in Store Sales (Daily) (Received ₹17,080.10 for Daily retail store sales revenue from Walk-in Store Sale) [income]"
2026-03-21,2076228.42,16912.62,5539.59,0.0,0.0,0.0,Daily retail operations
2026-03-22,2100978.68,50362.94,5778.85,0.0,19833.82,43136.84,"User Transactions: -Sharma Logistics & Freight (Paid ₹8,326.98 for Freight and delivery charges to Sharma Logistics & Freight. Cash balance was ₹1,052,588.89 before, ₹1,044,261.91 after. No delayed payments or cash flow issues observed. Outcome: healthy.) [expense], -Mineral Water Suppliers (Paid ₹1,589.93 for Monthly drinking water supply for office to Mineral Water Suppliers. Cash balance was ₹1,044,261.91 before, ₹1,042,671.98 after. No delayed payments or cash flow issues observed. Outcome: healthy.) [expense], +Walk-in Store Sales (Daily) (Received ₹21,568.42 for Daily retail store sales revenue from Walk-in Store Sales (Daily). Cash balance was ₹1,042,671.98 before, ₹1,064,240.40 after. No delayed payments or cash flow issues observed. Outcome: healthy.) [income], -Sharma Logistics & Freight (Paid ₹8,326.98 for Freight and delivery charges to Sharma Logistics & Freight. C) [expense], -Mineral Water Suppliers (Paid ₹1,589.93 for Monthly drinking water supply for office to Mineral Water Sup) [expense], +Walk-in Store Sales (Daily) (Received ₹21,568.42 for Daily retail store sales revenue from Walk-in Store Sale) [income]"
2026-03-23,2105321.13,10121.82,5779.37,0.0,0.0,0.0,Daily retail operations
2026-03-24,2035780.87,63788.87,4730.09,0.0,128599.04,56180.02,"User Transactions: -Metro Cash & Carry (Paid ₹64,299.52 for Bulk FMCG and grocery inventory purchase to Metro Cash & Carry. Cash balance was ₹1,064,240.40 before, ₹999,940.88 after. No delayed payments or cash flow issues observed. Outcome: healthy.) [expense], +Walk-in Store Sales (Daily) (Received ₹17,284.25 for Daily retail store sales revenue from Walk-in Store Sales (Daily). Cash balance was ₹999,940.88 before, ₹1,017,225.13 after. No delayed payments or cash flow issues observed. Outcome: healthy.) [income], +Walk-in Store Sales (Daily) (Received ₹10,805.76 for Daily retail store sales revenue from Walk-in Store Sales (Daily). Cash balance was ₹1,017,225.13 before, ₹1,028,030.89 after. No delayed payments or cash flow issues observed. Outcome: healthy.) [income], -Metro Cash & Carry (Paid ₹64,299.52 for Bulk FMCG and grocery inventory purchase to Metro Cash & Car) [expense], +Walk-in Store Sales (Daily) (Received ₹17,284.25 for Daily retail store sales revenue from Walk-in Store Sale) [income], +Walk-in Store Sales (Daily) (Received ₹10,805.76 for Daily retail store sales revenue from Walk-in Store Sale) [income]"
2026-03-25,2046496.35,39483.27,5309.91,0.0,23457.88,29259.54,"User Transactions: -Package Craft India (Paid ₹11,728.94 for Custom printed bags and shipping boxes to Package Craft India. Cash balance was ₹1,028,030.89 before, ₹1,016,301.95 after. No delayed payments or cash flow issues observed. Outcome: healthy.) [expense], +Walk-in Store Sales (Daily) (Received ₹14,629.77 for Daily retail store sales revenue from Walk-in Store Sales (Daily). Cash balance was ₹1,016,301.95 before, ₹1,030,931.72 after. No delayed payments or cash flow issues observed. Outcome: healthy.) [income], -Package Craft India (Paid ₹11,728.94 for Custom printed bags and shipping boxes to Package Craft Indi) [expense], +Walk-in Store Sales (Daily) (Received ₹14,629.77 for Daily retail store sales revenue from Walk-in Store Sale) [income]"
2026-03-26,2048053.38,5384.7,3827.67,0.0,0.0,0.0,Daily retail operations
2026-03-27,2088994.26,44626.21,3685.33,0.0,0.0,30069.42,"User Transactions: +Online Portal Sales (Received ₹9,215.65 for E-commerce platform order settlement from Online Portal Sales. Cash balance was ₹1,030,931.72 before, ₹1,040,147.37 after. No delayed payments or cash flow issues observed. Outcome: healthy.) [income], +Online Portal Sales (Received ₹5,819.06 for E-commerce platform order settlement from Online Portal Sales. Cash balance was ₹1,040,147.37 before, ₹1,045,966.43 after. No delayed payments or cash flow issues observed. Outcome: healthy.) [income], +Online Portal Sales (Received ₹9,215.65 for E-commerce platform order settlement from Online Portal S) [income], +Online Portal Sales (Received ₹5,819.06 for E-commerce platform order settlement from Online Portal S) [income]"
2026-03-28,1874224.62,15889.5,5659.14,75000.0,150000.0,0.0,"Monthly Payroll Salaries; User Transactions: -Payroll - Staff Salaries (Paid ₹75,000.00 for Monthly staff salary disbursement to Payroll - Staff Salaries. Cash balance was ₹1,045,966.43 before, ₹970,966.43 after. No delayed payments or cash flow issues observed. Outcome: healthy.) [expense], -Payroll - Staff Salaries (Paid ₹75,000.00 for Monthly staff salary disbursement to Payroll - Staff Salarie) [expense]"
2026-03-29,2034512.06,165084.39,4796.95,0.0,0.0,158746.74,"User Transactions: +Walk-in Store Sales (Daily) (Received ₹24,208.32 for Daily retail store sales revenue from Walk-in Store Sales (Daily). Cash balance was ₹970,966.43 before, ₹995,174.75 after. No delayed payments or cash flow issues observed. Outcome: healthy.) [income], +Star Retailers (Client) (Received ₹55,165.05 for Wholesale order invoice payment from retail chain from Star Retailers (Client). Cash balance was ₹995,174.75 before, ₹1,050,339.80 after. No delayed payments or cash flow issues observed. Outcome: healthy.) [income], +Walk-in Store Sales (Daily) (Received ₹24,208.32 for Daily retail store sales revenue from Walk-in Store Sale) [income], +Star Retailers (Client) (Received ₹55,165.05 for Wholesale order invoice payment from retail chain from S) [income]"
2026-03-30,2068509.65,39007.01,5009.42,0.0,0.0,29396.68,"User Transactions: +Walk-in Store Sales (Daily) (Received ₹14,698.34 for Daily retail store sales revenue from Walk-in Store Sales (Daily). Cash balance was ₹1,050,339.80 before, ₹1,065,038.14 after. No delayed payments or cash flow issues observed. Outcome: healthy.) [income], +Walk-in Store Sales (Daily) (Received ₹14,698.34 for Daily retail store sales revenue from Walk-in Store Sale) [income]"
2026-03-31,2098397.77,34174.49,4286.37,0.0,0.0,27959.8,"User Transactions: +Walk-in Store Sales (Daily) (Received ₹13,979.90 for Daily retail store sales revenue from Walk-in Store Sales (Daily). Cash balance was ₹1,065,038.14 before, ₹1,079,018.04 after. No delayed payments or cash flow issues observed. Outcome: healthy.) [income], +Walk-in Store Sales (Daily) (Received ₹13,979.90 for Daily retail store sales revenue from Walk-in Store Sale) [income]"
2026-04-01,2107889.89,103965.32,4473.2,30000.0,60000.0,95868.96,"Monthly Office Rent; User Transactions: -Commercial Realty Trust (Paid ₹30,000.00 for Monthly office and store lease rent to Commercial Realty Trust. Cash balance was ₹1,079,018.04 before, ₹1,049,018.04 after. No delayed payments or cash flow issues observed. Outcome: healthy.) [expense], +Walk-in Store Sales (Daily) (Received ₹24,143.40 for Daily retail store sales revenue from Walk-in Store Sales (Daily). Cash balance was ₹1,049,018.04 before, ₹1,073,161.44 after. No delayed payments or cash flow issues observed. Outcome: healthy.) [income], +Walk-in Store Sales (Daily) (Received ₹23,791.08 for Daily retail store sales revenue from Walk-in Store Sales (Daily). Cash balance was ₹1,073,161.44 before, ₹1,096,952.52 after. No delayed payments or cash flow issues observed. Outcome: healthy.) [income], -Commercial Realty Trust (Paid ₹30,000.00 for Monthly office and store lease rent to Commercial Realty Tru) [expense], +Walk-in Store Sales (Daily) (Received ₹24,143.40 for Daily retail store sales revenue from Walk-in Store Sale) [income], +Walk-in Store Sales (Daily) (Received ₹23,791.08 for Daily retail store sales revenue from Walk-in Store Sale) [income]"
2026-04-02,2110297.54,7767.72,5360.07,0.0,0.0,0.0,Daily retail operations
2026-04-03,2121649.06,17162.66,5811.14,0.0,0.0,0.0,Daily retail operations
2026-04-04,2159363.98,44872.85,3967.15,0.0,3190.78,35174.96,"User Transactions: -Mineral Water Suppliers (Paid ₹1,595.39 for Monthly drinking water supply for office to Mineral Water Suppliers. Cash balance was ₹1,096,952.52 before, ₹1,095,357.13 after. No delayed payments or cash flow issues observed. Outcome: healthy.) [expense], +Walk-in Store Sales (Daily) (Received ₹17,587.48 for Daily retail store sales revenue from Walk-in Store Sales (Daily). Cash balance was ₹1,095,357.13 before, ₹1,112,944.61 after. No delayed payments or cash flow issues observed. Outcome: healthy.) [income], -Mineral Water Suppliers (Paid ₹1,595.39 for Monthly drinking water supply for office to Mineral Water Sup) [expense], +Walk-in Store Sales (Daily) (Received ₹17,587.48 for Daily retail store sales revenue from Walk-in Store Sale) [income]"
2026-04-05,2193644.83,39576.74,5295.89,0.0,0.0,32101.08,"User Transactions: +Walk-in Store Sales (Daily) (Received ₹16,050.54 for Daily retail store sales revenue from Walk-in Store Sales (Daily). Cash balance was ₹1,112,944.61 before, ₹1,128,995.15 after. No delayed payments or cash flow issues observed. Outcome: healthy.) [income], +Walk-in Store Sales (Daily) (Received ₹16,050.54 for Daily retail store sales revenue from Walk-in Store Sale) [income]"
2026-04-06,2229545.79,41966.01,6065.05,0.0,0.0,36600.36,"User Transactions: +Walk-in Store Sales (Daily) (Received ₹18,300.18 for Daily retail store sales revenue from Walk-in Store Sales (Daily). Cash balance was ₹1,128,995.15 before, ₹1,147,295.33 after. No delayed payments or cash flow issues observed. Outcome: healthy.) [income], +Walk-in Store Sales (Daily) (Received ₹18,300.18 for Daily retail store sales revenue from Walk-in Store Sale) [income]"
2026-04-07,2308528.65,83423.66,4440.8,0.0,0.0,76344.94,"User Transactions: +Walk-in Store Sales (Daily) (Received ₹22,266.89 for Daily retail store sales revenue from Walk-in Store Sales (Daily). Cash balance was ₹1,147,295.33 before, ₹1,169,562.22 after. No delayed payments or cash flow issues observed. Outcome: healthy.) [income], +Walk-in Store Sales (Daily) (Received ₹15,905.58 for Daily retail store sales revenue from Walk-in Store Sales (Daily). Cash balance was ₹1,169,562.22 before, ₹1,185,467.80 after. No delayed payments or cash flow issues observed. Outcome: healthy.) [income], +Walk-in Store Sales (Daily) (Received ₹22,266.89 for Daily retail store sales revenue from Walk-in Store Sale) [income], +Walk-in Store Sales (Daily) (Received ₹15,905.58 for Daily retail store sales revenue from Walk-in Store Sale) [income]"
2026-04-08,2248876.75,6869.99,3040.05,0.0,63481.84,0.0,"User Transactions: -ABC Traders (Paid ₹31,740.92 for Inventory restocking - general merchandise to ABC Traders. Cash balance was ₹1,185,467.80 before, ₹1,153,726.88 after. No delayed payments or cash flow issues observed. Outcome: healthy.) [expense], -ABC Traders (Paid ₹31,740.92 for Inventory restocking - general merchandise to ABC Traders. C) [expense]"
2026-04-09,2296523.51,51953.72,4306.96,0.0,0.0,42074.54,"User Transactions: +Walk-in Store Sales (Daily) (Received ₹21,037.27 for Daily retail store sales revenue from Walk-in Store Sales (Daily). Cash balance was ₹1,153,726.88 before, ₹1,174,764.15 after. No delayed payments or cash flow issues observed. Outcome: healthy.) [income], +Walk-in Store Sales (Daily) (Received ₹21,037.27 for Daily retail store sales revenue from Walk-in Store Sale) [income]"
2026-04-10,2274107.81,41964.03,5134.47,8000.0,51245.26,30675.36,"Monthly Utilities; User Transactions: -Tamil Nadu Electricity Board (TNEB) (Paid ₹10,622.63 for Commercial electricity bill to Tamil Nadu Electricity Board (TNEB). Cash balance was ₹1,174,764.15 before, ₹1,164,141.52 after. No delayed payments or cash flow issues observed. Outcome: healthy.) [expense], -Kothari & Associates (Paid ₹15,000.00 for GST return filing and auditor compliance review to Kothari & Associates. Cash balance was ₹1,164,141.52 before, ₹1,149,141.52 after. No delayed payments or cash flow issues observed. Outcome: healthy.) [expense], +Walk-in Store Sales (Daily) (Received ₹9,837.68 for Daily retail store sales revenue from Walk-in Store Sales (Daily). Cash balance was ₹1,149,141.52 before, ₹1,158,979.20 after. No delayed payments or cash flow issues observed. Outcome: healthy.) [income], +ABC Traders (Vendor Refund) (Received ₹5,500.00 for Partial refund for damaged goods in last shipment from ABC Traders (Vendor Refund). Cash balance was ₹1,158,979.20 before, ₹1,164,479.20 after. No delayed payments or cash flow issues observed. Outcome: healthy.) [return_in], -Tamil Nadu Electricity Board (TNEB) (Paid ₹10,622.63 for Commercial electricity bill to Tamil Nadu Electricity Board ) [expense], -Kothari & Associates (Paid ₹15,000.00 for GST return filing and auditor compliance review to Kothari &) [expense], +Walk-in Store Sales (Daily) (Received ₹9,837.68 for Daily retail store sales revenue from Walk-in Store Sales) [income], +ABC Traders (Vendor Refund) (Received ₹5,500.00 for Partial refund for damaged goods in last shipment from AB) [return_in]"
2026-04-11,2282406.38,14196.83,5898.26,0.0,0.0,0.0,Daily retail operations
2026-04-12,2297494.2,25960.81,5875.0,0.0,4998.0,20654.9,"User Transactions: -Airtel Broadband (Paid ₹2,499.00 for Business internet and landline to Airtel Broadband. Cash balance was ₹1,164,479.20 before, ₹1,161,980.20 after. No delayed payments or cash flow issues observed. Outcome: healthy.) [expense], +Online Portal Sales (Received ₹10,327.45 for E-commerce platform order settlement from Online Portal Sales. Cash balance was ₹1,161,980.20 before, ₹1,172,307.65 after. No delayed payments or cash flow issues observed. Outcome: healthy.) [income], -Airtel Broadband (Paid ₹2,499.00 for Business internet and landline to Airtel Broadband. Cash bala) [expense], +Online Portal Sales (Received ₹10,327.45 for E-commerce platform order settlement from Online Portal ) [income]"
2026-04-13,2329498.19,37452.91,5448.92,0.0,0.0,29486.26,"User Transactions: +Walk-in Store Sales (Daily) (Received ₹14,743.13 for Daily retail store sales revenue from Walk-in Store Sales (Daily). Cash balance was ₹1,172,307.65 before, ₹1,187,050.78 after. No delayed payments or cash flow issues observed. Outcome: healthy.) [income], +Walk-in Store Sales (Daily) (Received ₹14,743.13 for Daily retail store sales revenue from Walk-in Store Sale) [income]"
2026-04-14,2332665.62,8522.33,5354.9,0.0,0.0,0.0,Daily retail operations
2026-04-15,2336863.54,8239.13,4041.21,0.0,0.0,0.0,Daily retail operations
2026-04-16,2305407.56,6042.93,5599.16,0.0,31899.74,0.0,"User Transactions: -Meta Ads (Paid ₹12,142.37 for Facebook & Instagram advertising campaign to Meta Ads. Cash balance was ₹1,187,050.78 before, ₹1,174,908.41 after. No delayed payments or cash flow issues observed. Outcome: healthy.) [expense], -HDFC Bank (Paid ₹3,807.50 for Bank account maintenance and POS charges to HDFC Bank. Cash balance was ₹1,174,908.41 before, ₹1,171,100.91 after. No delayed payments or cash flow issues observed. Outcome: healthy.) [expense], -Meta Ads (Paid ₹12,142.37 for Facebook & Instagram advertising campaign to Meta Ads. Cash ) [expense], -HDFC Bank (Paid ₹3,807.50 for Bank account maintenance and POS charges to HDFC Bank. Cash b) [expense]"
2026-04-17,2256602.42,34610.48,6326.46,0.0,77089.16,22950.86,"User Transactions: -ABC Traders (Paid ₹38,544.58 for Inventory restocking - general merchandise to ABC Traders. Cash balance was ₹1,171,100.91 before, ₹1,132,556.33 after. No delayed payments or cash flow issues observed. Outcome: healthy.) [expense], +Online Portal Sales (Received ₹11,475.43 for E-commerce platform order settlement from Online Portal Sales. Cash balance was ₹1,132,556.33 before, ₹1,144,031.76 after. No delayed payments or cash flow issues observed. Outcome: healthy.) [income], -ABC Traders (Paid ₹38,544.58 for Inventory restocking - general merchandise to ABC Traders. C) [expense], +Online Portal Sales (Received ₹11,475.43 for E-commerce platform order settlement from Online Portal ) [income]"
2026-04-18,2266223.14,13966.28,4345.57,0.0,0.0,0.0,Daily retail operations
2026-04-19,2239172.24,111665.75,3324.49,0.0,135392.16,104163.4,"User Transactions: -Metro Cash & Carry (Paid ₹67,696.08 for Bulk FMCG and grocery inventory purchase to Metro Cash & Carry. Cash balance was ₹1,144,031.76 before, ₹1,076,335.68 after. No delayed payments or cash flow issues observed. Outcome: healthy.) [expense], +Walk-in Store Sales (Daily) (Received ₹19,514.90 for Daily retail store sales revenue from Walk-in Store Sales (Daily). Cash balance was ₹1,076,335.68 before, ₹1,095,850.58 after. No delayed payments or cash flow issues observed. Outcome: healthy.) [income], +Walk-in Store Sales (Daily) (Received ₹19,740.45 for Daily retail store sales revenue from Walk-in Store Sales (Daily). Cash balance was ₹1,095,850.58 before, ₹1,115,591.03 after. No delayed payments or cash flow issues observed. Outcome: healthy.) [income], +Online Portal Sales (Received ₹12,826.35 for E-commerce platform order settlement from Online Portal Sales. Cash balance was ₹1,115,591.03 before, ₹1,128,417.38 after. No delayed payments or cash flow issues observed. Outcome: healthy.) [income], -Metro Cash & Carry (Paid ₹67,696.08 for Bulk FMCG and grocery inventory purchase to Metro Cash & Car) [expense], +Walk-in Store Sales (Daily) (Received ₹19,514.90 for Daily retail store sales revenue from Walk-in Store Sale) [income], +Walk-in Store Sales (Daily) (Received ₹19,740.45 for Daily retail store sales revenue from Walk-in Store Sale) [income], +Online Portal Sales (Received ₹12,826.35 for E-commerce platform order settlement from Online Portal ) [income]"
2026-04-20,2263896.15,26990.23,2266.32,0.0,0.0,21181.0,"User Transactions: +Walk-in Store Sales (Daily) (Received ₹10,590.50 for Daily retail store sales revenue from Walk-in Store Sales (Daily). Cash balance was ₹1,128,417.38 before, ₹1,139,007.88 after. No delayed payments or cash flow issues observed. Outcome: healthy.) [income], +Walk-in Store Sales (Daily) (Received ₹10,590.50 for Daily retail store sales revenue from Walk-in Store Sale) [income]"
2026-04-21,2325676.36,67104.68,5324.48,0.0,0.0,59958.68,"User Transactions: +Walk-in Store Sales (Daily) (Received ₹9,166.51 for Daily retail store sales revenue from Walk-in Store Sales (Daily). Cash balance was ₹1,139,007.88 before, ₹1,148,174.39 after. No delayed payments or cash flow issues observed. Outcome: healthy.) [income], +Walk-in Store Sales (Daily) (Received ₹8,684.39 for Daily retail store sales revenue from Walk-in Store Sales (Daily). Cash balance was ₹1,148,174.39 before, ₹1,156,858.78 after. No delayed payments or cash flow issues observed. Outcome: healthy.) [income], +Walk-in Store Sales (Daily) (Received ₹12,128.44 for Daily retail store sales revenue from Walk-in Store Sales (Daily). Cash balance was ₹1,156,858.78 before, ₹1,168,987.22 after. No delayed payments or cash flow issues observed. Outcome: healthy.) [income], +Walk-in Store Sales (Daily) (Received ₹9,166.51 for Daily retail store sales revenue from Walk-in Store Sales) [income], +Walk-in Store Sales (Daily) (Received ₹8,684.39 for Daily retail store sales revenue from Walk-in Store Sales) [income], +Walk-in Store Sales (Daily) (Received ₹12,128.44 for Daily retail store sales revenue from Walk-in Store Sale) [income]"
2026-04-22,2345599.22,24104.47,4181.6,0.0,0.0,17411.42,"User Transactions: +Online Portal Sales (Received ₹8,705.71 for E-commerce platform order settlement from Online Portal Sales. Cash balance was ₹1,168,987.22 before, ₹1,177,692.93 after. No delayed payments or cash flow issues observed. Outcome: healthy.) [income], +Online Portal Sales (Received ₹8,705.71 for E-commerce platform order settlement from Online Portal S) [income]"
2026-04-23,2396903.0,72983.16,2843.94,0.0,18835.44,65007.58,"User Transactions: -Sharma Logistics & Freight (Paid ₹9,417.72 for Freight and delivery charges to Sharma Logistics & Freight. Cash balance was ₹1,177,692.93 before, ₹1,168,275.21 after. No delayed payments or cash flow issues observed. Outcome: healthy.) [expense], +Walk-in Store Sales (Daily) (Received ₹11,371.61 for Daily retail store sales revenue from Walk-in Store Sales (Daily). Cash balance was ₹1,168,275.21 before, ₹1,179,646.82 after. No delayed payments or cash flow issues observed. Outcome: healthy.) [income], +Walk-in Store Sales (Daily) (Received ₹21,132.18 for Daily retail store sales revenue from Walk-in Store Sales (Daily). Cash balance was ₹1,179,646.82 before, ₹1,200,779.00 after. No delayed payments or cash flow issues observed. Outcome: healthy.) [income], -Sharma Logistics & Freight (Paid ₹9,417.72 for Freight and delivery charges to Sharma Logistics & Freight. C) [expense], +Walk-in Store Sales (Daily) (Received ₹11,371.61 for Daily retail store sales revenue from Walk-in Store Sale) [income], +Walk-in Store Sales (Daily) (Received ₹21,132.18 for Daily retail store sales revenue from Walk-in Store Sale) [income]"
2026-04-24,2444981.2,52820.87,4742.67,0.0,0.0,40424.14,"User Transactions: +Walk-in Store Sales (Daily) (Received ₹20,212.07 for Daily retail store sales revenue from Walk-in Store Sales (Daily). Cash balance was ₹1,200,779.00 before, ₹1,220,991.07 after. No delayed payments or cash flow issues observed. Outcome: healthy.) [income], +Walk-in Store Sales (Daily) (Received ₹20,212.07 for Daily retail store sales revenue from Walk-in Store Sale) [income]"
2026-04-25,2503106.97,62645.24,4519.47,0.0,0.0,43856.24,"User Transactions: +Walk-in Store Sales (Daily) (Received ₹21,928.12 for Daily retail store sales revenue from Walk-in Store Sales (Daily). Cash balance was ₹1,220,991.07 before, ₹1,242,919.19 after. No delayed payments or cash flow issues observed. Outcome: healthy.) [income], +Walk-in Store Sales (Daily) (Received ₹21,928.12 for Daily retail store sales revenue from Walk-in Store Sale) [income]"
2026-04-26,2506275.12,8320.7,5152.55,0.0,0.0,0.0,Daily retail operations
2026-04-27,2507794.83,7053.84,5534.13,0.0,0.0,0.0,Daily retail operations
2026-04-28,2288167.87,10067.58,4694.54,75000.0,150000.0,0.0,"Monthly Payroll Salaries; User Transactions: -Payroll - Staff Salaries (Paid ₹75,000.00 for Monthly staff salary disbursement to Payroll - Staff Salaries. Cash balance was ₹1,242,919.19 before, ₹1,167,919.19 after. No delayed payments or cash flow issues observed. Outcome: healthy.) [expense], -Payroll - Staff Salaries (Paid ₹75,000.00 for Monthly staff salary disbursement to Payroll - Staff Salarie) [expense]"
2026-04-29,2285892.97,10094.88,4338.36,0.0,8031.42,0.0,"User Transactions: -CloudHost Technologies Pvt Ltd (Paid ₹4,015.71 for Monthly cloud hosting subscription to CloudHost Technologies Pvt Ltd. Cash balance was ₹1,167,919.19 before, ₹1,163,903.48 after. No delayed payments or cash flow issues observed. Outcome: healthy.) [expense], -CloudHost Technologies Pvt Ltd (Paid ₹4,015.71 for Monthly cloud hosting subscription to CloudHost Technologies ) [expense]"
2026-04-30,2231940.13,8239.72,5721.06,0.0,56471.5,0.0,"User Transactions: -Google Ads (Paid ₹28,235.75 for Search engine keyword marketing campaign to Google Ads. Cash balance was ₹1,163,903.48 before, ₹1,135,667.73 after. No delayed payments or cash flow issues observed. Outcome: healthy.) [expense], -Google Ads (Paid ₹28,235.75 for Search engine keyword marketing campaign to Google Ads. Cash) [expense]"
2026-05-01,2271149.33,134100.02,4890.82,30000.0,60000.0,121330.18,"Monthly Office Rent; User Transactions: -Commercial Realty Trust (Paid ₹30,000.00 for Monthly office and store lease rent to Commercial Realty Trust. Cash balance was ₹1,135,667.73 before, ₹1,105,667.73 after. No delayed payments or cash flow issues observed. Outcome: healthy.) [expense], +Star Retailers (Client) (Received ₹60,665.09 for Wholesale order invoice payment from retail chain from Star Retailers (Client). Cash balance was ₹1,105,667.73 before, ₹1,166,332.82 after. No delayed payments or cash flow issues observed. Outcome: healthy.) [income], -Commercial Realty Trust (Paid ₹30,000.00 for Monthly office and store lease rent to Commercial Realty Tru) [expense], +Star Retailers (Client) (Received ₹60,665.09 for Wholesale order invoice payment from retail chain from S) [income]"
2026-05-02,2282876.76,17165.06,5437.63,0.0,0.0,0.0,Daily retail operations
2026-05-03,2278762.06,5509.76,6112.82,0.0,3511.64,0.0,"User Transactions: -Mineral Water Suppliers (Paid ₹1,755.82 for Monthly drinking water supply for office to Mineral Water Suppliers. Cash balance was ₹1,166,332.82 before, ₹1,164,577.00 after. No delayed payments or cash flow issues observed. Outcome: healthy.) [expense], -Mineral Water Suppliers (Paid ₹1,755.82 for Monthly drinking water supply for office to Mineral Water Sup) [expense]"
2026-05-04,2311608.06,38417.67,5571.67,0.0,0.0,30739.8,"User Transactions: +Walk-in Store Sales (Daily) (Received ₹15,369.90 for Daily retail store sales revenue from Walk-in Store Sales (Daily). Cash balance was ₹1,164,577.00 before, ₹1,179,946.90 after. No delayed payments or cash flow issues observed. Outcome: healthy.) [income], +Walk-in Store Sales (Daily) (Received ₹15,369.90 for Daily retail store sales revenue from Walk-in Store Sale) [income]"
2026-05-05,2346627.17,41210.88,6191.77,0.0,0.0,30806.56,"User Transactions: +Walk-in Store Sales (Daily) (Received ₹15,403.28 for Daily retail store sales revenue from Walk-in Store Sales (Daily). Cash balance was ₹1,179,946.90 before, ₹1,195,350.18 after. No delayed payments or cash flow issues observed. Outcome: healthy.) [income], +Walk-in Store Sales (Daily) (Received ₹15,403.28 for Daily retail store sales revenue from Walk-in Store Sale) [income]"
2026-05-06,2347186.58,6204.1,5644.69,0.0,0.0,0.0,Daily retail operations
2026-05-07,2350799.5,9476.05,5863.13,0.0,0.0,0.0,Daily retail operations
2026-05-08,2411173.31,64330.32,3956.51,0.0,0.0,48213.68,"User Transactions: +Online Portal Sales (Received ₹12,200.75 for E-commerce platform order settlement from Online Portal Sales. Cash balance was ₹1,195,350.18 before, ₹1,207,550.93 after. No delayed payments or cash flow issues observed. Outcome: healthy.) [income], +Online Portal Sales (Received ₹11,906.09 for E-commerce platform order settlement from Online Portal Sales. Cash balance was ₹1,207,550.93 before, ₹1,219,457.02 after. No delayed payments or cash flow issues observed. Outcome: healthy.) [income], +Online Portal Sales (Received ₹12,200.75 for E-commerce platform order settlement from Online Portal ) [income], +Online Portal Sales (Received ₹11,906.09 for E-commerce platform order settlement from Online Portal ) [income]"
2026-05-09,2422175.48,14534.12,3531.95,0.0,0.0,0.0,Daily retail operations
2026-05-10,2403036.41,9356.87,4887.36,8000.0,15608.58,0.0,"Monthly Utilities; User Transactions: -Tamil Nadu Electricity Board (TNEB) (Paid ₹7,804.29 for Commercial electricity bill to Tamil Nadu Electricity Board (TNEB). Cash balance was ₹1,219,457.02 before, ₹1,211,652.73 after. No delayed payments or cash flow issues observed. Outcome: healthy.) [expense], -Tamil Nadu Electricity Board (TNEB) (Paid ₹7,804.29 for Commercial electricity bill to Tamil Nadu Electricity Board () [expense]"
2026-05-11,2424202.42,25195.09,4029.08,0.0,0.0,16975.8,"User Transactions: +Walk-in Store Sales (Daily) (Received ₹8,487.90 for Daily retail store sales revenue from Walk-in Store Sales (Daily). Cash balance was ₹1,211,652.73 before, ₹1,220,140.63 after. No delayed payments or cash flow issues observed. Outcome: healthy.) [income], +Walk-in Store Sales (Daily) (Received ₹8,487.90 for Daily retail store sales revenue from Walk-in Store Sales) [income]"
2026-05-12,2459650.03,45805.09,5359.49,0.0,4998.0,37609.9,"User Transactions: -Airtel Broadband (Paid ₹2,499.00 for Business internet and landline to Airtel Broadband. Cash balance was ₹1,220,140.63 before, ₹1,217,641.63 after. No delayed payments or cash flow issues observed. Outcome: healthy.) [expense], +Walk-in Store Sales (Daily) (Received ₹18,804.95 for Daily retail store sales revenue from Walk-in Store Sales (Daily). Cash balance was ₹1,217,641.63 before, ₹1,236,446.58 after. No delayed payments or cash flow issues observed. Outcome: healthy.) [income], -Airtel Broadband (Paid ₹2,499.00 for Business internet and landline to Airtel Broadband. Cash bala) [expense], +Walk-in Store Sales (Daily) (Received ₹18,804.95 for Daily retail store sales revenue from Walk-in Store Sale) [income]"
2026-05-13,2463238.42,9706.06,6117.66,0.0,0.0,0.0,Daily retail operations
2026-05-14,2475839.58,95340.21,4717.58,0.0,78021.48,88034.24,"User Transactions: -ABC Traders (Paid ₹39,010.74 for Inventory restocking - general merchandise to ABC Traders. Cash balance was ₹1,236,446.58 before, ₹1,197,435.84 after. No delayed payments or cash flow issues observed. Outcome: healthy.) [expense], +Walk-in Store Sales (Daily) (Received ₹21,979.63 for Daily retail store sales revenue from Walk-in Store Sales (Daily). Cash balance was ₹1,197,435.84 before, ₹1,219,415.47 after. No delayed payments or cash flow issues observed. Outcome: healthy.) [income], +Walk-in Store Sales (Daily) (Received ₹22,037.49 for Daily retail store sales revenue from Walk-in Store Sales (Daily). Cash balance was ₹1,219,415.47 before, ₹1,241,452.96 after. No delayed payments or cash flow issues observed. Outcome: healthy.) [income], -ABC Traders (Paid ₹39,010.74 for Inventory restocking - general merchandise to ABC Traders. C) [expense], +Walk-in Store Sales (Daily) (Received ₹21,979.63 for Daily retail store sales revenue from Walk-in Store Sale) [income], +Walk-in Store Sales (Daily) (Received ₹22,037.49 for Daily retail store sales revenue from Walk-in Store Sale) [income]"
2026-05-15,2483967.79,12365.08,4236.87,0.0,0.0,0.0,Daily retail operations
2026-05-16,2534342.79,55023.75,4648.75,0.0,0.0,44315.6,"User Transactions: +Walk-in Store Sales (Daily) (Received ₹11,606.04 for Daily retail store sales revenue from Walk-in Store Sales (Daily). Cash balance was ₹1,241,452.96 before, ₹1,253,059.00 after. No delayed payments or cash flow issues observed. Outcome: healthy.) [income], +Online Portal Sales (Received ₹10,551.76 for E-commerce platform order settlement from Online Portal Sales. Cash balance was ₹1,253,059.00 before, ₹1,263,610.76 after. No delayed payments or cash flow issues observed. Outcome: healthy.) [income], +Walk-in Store Sales (Daily) (Received ₹11,606.04 for Daily retail store sales revenue from Walk-in Store Sale) [income], +Online Portal Sales (Received ₹10,551.76 for E-commerce platform order settlement from Online Portal ) [income]"
2026-05-17,2539107.95,8815.3,4050.14,0.0,0.0,0.0,Daily retail operations
2026-05-18,2531236.11,6302.43,5725.65,0.0,8448.62,0.0,"User Transactions: -CloudHost Technologies Pvt Ltd (Paid ₹4,224.31 for Monthly cloud hosting subscription to CloudHost Technologies Pvt Ltd. Cash balance was ₹1,263,610.76 before, ₹1,259,386.45 after. No delayed payments or cash flow issues observed. Outcome: healthy.) [expense], -CloudHost Technologies Pvt Ltd (Paid ₹4,224.31 for Monthly cloud hosting subscription to CloudHost Technologies ) [expense]"
2026-05-19,2558355.45,34120.52,7001.18,0.0,0.0,25125.44,"User Transactions: +Walk-in Store Sales (Daily) (Received ₹12,562.72 for Daily retail store sales revenue from Walk-in Store Sales (Daily). Cash balance was ₹1,259,386.45 before, ₹1,271,949.17 after. No delayed payments or cash flow issues observed. Outcome: healthy.) [income], +Walk-in Store Sales (Daily) (Received ₹12,562.72 for Daily retail store sales revenue from Walk-in Store Sale) [income]"
2026-05-20,2901769.46,347852.55,4438.53,0.0,0.0,338955.16,"User Transactions: +Walk-in Store Sales (Daily) (Received ₹19,359.20 for Daily retail store sales revenue from Walk-in Store Sales (Daily). Cash balance was ₹1,271,949.17 before, ₹1,291,308.37 after. No delayed payments or cash flow issues observed. Outcome: healthy.) [income], +Apex Enterprises (Client) (Received ₹150,118.38 for Wholesale goods dispatch payment from corporate client from Apex Enterprises (Client). Cash balance was ₹1,291,308.37 before, ₹1,441,426.75 after. No delayed payments or cash flow issues observed. Outcome: healthy.) [income], +Walk-in Store Sales (Daily) (Received ₹19,359.20 for Daily retail store sales revenue from Walk-in Store Sale) [income], +Apex Enterprises (Client) (Received ₹150,118.38 for Wholesale goods dispatch payment from corporate client ) [income]"
2026-05-21,2858340.7,59711.31,5299.73,0.0,97840.34,49419.64,"User Transactions: -Metro Cash & Carry (Paid ₹44,920.89 for Bulk FMCG and grocery inventory purchase to Metro Cash & Carry. Cash balance was ₹1,441,426.75 before, ₹1,396,505.86 after. No delayed payments or cash flow issues observed. Outcome: healthy.) [expense], -HDFC Bank (Paid ₹3,999.28 for Bank account maintenance and POS charges to HDFC Bank. Cash balance was ₹1,396,505.86 before, ₹1,392,506.58 after. No delayed payments or cash flow issues observed. Outcome: healthy.) [expense], +Walk-in Store Sales (Daily) (Received ₹12,591.40 for Daily retail store sales revenue from Walk-in Store Sales (Daily). Cash balance was ₹1,392,506.58 before, ₹1,405,097.98 after. No delayed payments or cash flow issues observed. Outcome: healthy.) [income], +Online Portal Sales (Received ₹12,118.42 for E-commerce platform order settlement from Online Portal Sales. Cash balance was ₹1,405,097.98 before, ₹1,417,216.40 after. No delayed payments or cash flow issues observed. Outcome: healthy.) [income], -Metro Cash & Carry (Paid ₹44,920.89 for Bulk FMCG and grocery inventory purchase to Metro Cash & Car) [expense], -HDFC Bank (Paid ₹3,999.28 for Bank account maintenance and POS charges to HDFC Bank. Cash b) [expense], +Walk-in Store Sales (Daily) (Received ₹12,591.40 for Daily retail store sales revenue from Walk-in Store Sale) [income], +Online Portal Sales (Received ₹12,118.42 for E-commerce platform order settlement from Online Portal ) [income]"
2026-05-22,2864688.41,11872.24,5524.53,0.0,0.0,0.0,Daily retail operations
2026-05-23,2874424.93,14533.22,4796.71,0.0,0.0,0.0,Daily retail operations
2026-05-24,2862608.84,45102.47,3668.28,0.0,53250.28,33739.38,"User Transactions: -ABC Traders (Paid ₹26,625.14 for Inventory restocking - general merchandise to ABC Traders. Cash balance was ₹1,417,216.40 before, ₹1,390,591.26 after. No delayed payments or cash flow issues observed. Outcome: healthy.) [expense], +Walk-in Store Sales (Daily) (Received ₹16,869.69 for Daily retail store sales revenue from Walk-in Store Sales (Daily). Cash balance was ₹1,390,591.26 before, ₹1,407,460.95 after. No delayed payments or cash flow issues observed. Outcome: healthy.) [income], -ABC Traders (Paid ₹26,625.14 for Inventory restocking - general merchandise to ABC Traders. C) [expense], +Walk-in Store Sales (Daily) (Received ₹16,869.69 for Daily retail store sales revenue from Walk-in Store Sale) [income]"
2026-05-25,2930323.12,74169.86,6455.58,0.0,0.0,64239.0,"User Transactions: +Walk-in Store Sales (Daily) (Received ₹16,219.46 for Daily retail store sales revenue from Walk-in Store Sales (Daily). Cash balance was ₹1,407,460.95 before, ₹1,423,680.41 after. No delayed payments or cash flow issues observed. Outcome: healthy.) [income], +Walk-in Store Sales (Daily) (Received ₹15,900.04 for Daily retail store sales revenue from Walk-in Store Sales (Daily). Cash balance was ₹1,423,680.41 before, ₹1,439,580.45 after. No delayed payments or cash flow issues observed. Outcome: healthy.) [income], +Walk-in Store Sales (Daily) (Received ₹16,219.46 for Daily retail store sales revenue from Walk-in Store Sale) [income], +Walk-in Store Sales (Daily) (Received ₹15,900.04 for Daily retail store sales revenue from Walk-in Store Sale) [income]"
2026-05-26,3005954.57,79571.94,3940.49,0.0,0.0,72050.98,"User Transactions: +Walk-in Store Sales (Daily) (Received ₹23,633.50 for Daily retail store sales revenue from Walk-in Store Sales (Daily). Cash balance was ₹1,439,580.45 before, ₹1,463,213.95 after. No delayed payments or cash flow issues observed. Outcome: healthy.) [income], +Walk-in Store Sales (Daily) (Received ₹12,391.99 for Daily retail store sales revenue from Walk-in Store Sales (Daily). Cash balance was ₹1,463,213.95 before, ₹1,475,605.94 after. No delayed payments or cash flow issues observed. Outcome: healthy.) [income], +Walk-in Store Sales (Daily) (Received ₹23,633.50 for Daily retail store sales revenue from Walk-in Store Sale) [income], +Walk-in Store Sales (Daily) (Received ₹12,391.99 for Daily retail store sales revenue from Walk-in Store Sale) [income]"
2026-05-27,3040619.0,40831.72,6167.29,0.0,0.0,31631.14,"User Transactions: +Walk-in Store Sales (Daily) (Received ₹15,815.57 for Daily retail store sales revenue from Walk-in Store Sales (Daily). Cash balance was ₹1,475,605.94 before, ₹1,491,421.51 after. No delayed payments or cash flow issues observed. Outcome: healthy.) [income], +Walk-in Store Sales (Daily) (Received ₹15,815.57 for Daily retail store sales revenue from Walk-in Store Sale) [income]"
2026-05-28,2859702.72,59165.54,3552.06,75000.0,161529.76,51397.32,"Monthly Payroll Salaries; User Transactions: -Payroll - Staff Salaries (Paid ₹75,000.00 for Monthly staff salary disbursement to Payroll - Staff Salaries. Cash balance was ₹1,491,421.51 before, ₹1,416,421.51 after. No delayed payments or cash flow issues observed. Outcome: healthy.) [expense], -Sharma Logistics & Freight (Paid ₹5,764.88 for Freight and delivery charges to Sharma Logistics & Freight. Cash balance was ₹1,416,421.51 before, ₹1,410,656.63 after. No delayed payments or cash flow issues observed. Outcome: healthy.) [expense], +Walk-in Store Sales (Daily) (Received ₹12,173.42 for Daily retail store sales revenue from Walk-in Store Sales (Daily). Cash balance was ₹1,410,656.63 before, ₹1,422,830.05 after. No delayed payments or cash flow issues observed. Outcome: healthy.) [income], +Walk-in Store Sales (Daily) (Received ₹13,525.24 for Daily retail store sales revenue from Walk-in Store Sales (Daily). Cash balance was ₹1,422,830.05 before, ₹1,436,355.29 after. No delayed payments or cash flow issues observed. Outcome: healthy.) [income], -Payroll - Staff Salaries (Paid ₹75,000.00 for Monthly staff salary disbursement to Payroll - Staff Salarie) [expense], -Sharma Logistics & Freight (Paid ₹5,764.88 for Freight and delivery charges to Sharma Logistics & Freight. C) [expense], +Walk-in Store Sales (Daily) (Received ₹12,173.42 for Daily retail store sales revenue from Walk-in Store Sale) [income], +Walk-in Store Sales (Daily) (Received ₹13,525.24 for Daily retail store sales revenue from Walk-in Store Sale) [income]"
2026-05-29,2902889.93,46891.12,3703.91,0.0,0.0,31327.26,"User Transactions: +Walk-in Store Sales (Daily) (Received ₹15,663.63 for Daily retail store sales revenue from Walk-in Store Sales (Daily). Cash balance was ₹1,436,355.29 before, ₹1,452,018.92 after. No delayed payments or cash flow issues observed. Outcome: healthy.) [income], +Walk-in Store Sales (Daily) (Received ₹15,663.63 for Daily retail store sales revenue from Walk-in Store Sale) [income]"
2026-05-30,2908631.77,32371.33,5121.79,0.0,21507.7,18946.54,"User Transactions: -Meta Ads (Paid ₹10,753.85 for Facebook & Instagram advertising campaign to Meta Ads. Cash balance was ₹1,452,018.92 before, ₹1,441,265.07 after. No delayed payments or cash flow issues observed. Outcome: healthy.) [expense], +Walk-in Store Sales (Daily) (Received ₹9,473.27 for Daily retail store sales revenue from Walk-in Store Sales (Daily). Cash balance was ₹1,441,265.07 before, ₹1,450,738.34 after. No delayed payments or cash flow issues observed. Outcome: healthy.) [income], -Meta Ads (Paid ₹10,753.85 for Facebook & Instagram advertising campaign to Meta Ads. Cash ) [expense], +Walk-in Store Sales (Daily) (Received ₹9,473.27 for Daily retail store sales revenue from Walk-in Store Sales) [income]"
2026-05-31,2913017.23,9452.09,5066.63,0.0,0.0,0.0,Daily retail operations
2026-06-01,2845010.0,28000.91,6008.14,30000.0,60000.0,19163.82,"Monthly Office Rent; User Transactions: -Commercial Realty Trust (Paid ₹30,000.00 for Monthly office and store lease rent to Commercial Realty Trust. Cash balance was ₹1,450,738.34 before, ₹1,420,738.34 after. No delayed payments or cash flow issues observed. Outcome: healthy.) [expense], +Walk-in Store Sales (Daily) (Received ₹9,581.91 for Daily retail store sales revenue from Walk-in Store Sales (Daily). Cash balance was ₹1,420,738.34 before, ₹1,430,320.25 after. No delayed payments or cash flow issues observed. Outcome: healthy.) [income], -Commercial Realty Trust (Paid ₹30,000.00 for Monthly office and store lease rent to Commercial Realty Tru) [expense], +Walk-in Store Sales (Daily) (Received ₹9,581.91 for Daily retail store sales revenue from Walk-in Store Sales) [income]"
2026-06-02,2974389.07,132854.64,3475.57,0.0,0.0,124268.72,"User Transactions: +Star Retailers (Client) (Received ₹62,134.36 for Wholesale order invoice payment from retail chain from Star Retailers (Client). Cash balance was ₹1,430,320.25 before, ₹1,492,454.61 after. No delayed payments or cash flow issues observed. Outcome: healthy.) [income], +Star Retailers (Client) (Received ₹62,134.36 for Wholesale order invoice payment from retail chain from S) [income]"
2026-06-03,2976525.29,7468.87,5332.66,0.0,0.0,0.0,Daily retail operations
2026-06-04,3019459.64,48442.1,5507.74,0.0,0.0,40523.66,"User Transactions: +Walk-in Store Sales (Daily) (Received ₹20,261.83 for Daily retail store sales revenue from Walk-in Store Sales (Daily). Cash balance was ₹1,492,454.61 before, ₹1,512,716.44 after. No delayed payments or cash flow issues observed. Outcome: healthy.) [income], +Walk-in Store Sales (Daily) (Received ₹20,261.83 for Daily retail store sales revenue from Walk-in Store Sale) [income]"
2026-06-05,3046084.72,38658.57,3633.49,0.0,8400.0,22757.4,"User Transactions: -CloudHost Technologies Pvt Ltd (Paid ₹4,200.00 for Business hosting plan - monthly subscription to CloudHost Technologies Pvt Ltd. Cash balance was ₹1,512,716.44 before, ₹1,508,516.44 after. No delayed payments or cash flow issues observed. Outcome: healthy.) [expense], +Online Portal Sales (Received ₹11,378.70 for E-commerce platform order settlement from Online Portal Sales. Cash balance was ₹1,508,516.44 before, ₹1,519,895.14 after. No delayed payments or cash flow issues observed. Outcome: healthy.) [income], -CloudHost Technologies Pvt Ltd (Paid ₹4,200.00 for Business hosting plan - monthly subscription to CloudHost Tec) [expense], +Online Portal Sales (Received ₹11,378.70 for E-commerce platform order settlement from Online Portal ) [income]"
2026-06-06,2984581.74,17332.48,4450.62,0.0,74384.84,0.0,"User Transactions: -ABC Traders (Paid ₹37,192.42 for Inventory restocking - general merchandise to ABC Traders. Cash balance was ₹1,519,895.14 before, ₹1,482,702.72 after. No delayed payments or cash flow issues observed. Outcome: healthy.) [expense], -ABC Traders (Paid ₹37,192.42 for Inventory restocking - general merchandise to ABC Traders. C) [expense]"
2026-06-07,3027196.37,47195.37,4580.75,0.0,0.0,41112.56,"User Transactions: +Walk-in Store Sales (Daily) (Received ₹20,556.28 for Daily retail store sales revenue from Walk-in Store Sales (Daily). Cash balance was ₹1,482,702.72 before, ₹1,503,259.00 after. No delayed payments or cash flow issues observed. Outcome: healthy.) [income], +Walk-in Store Sales (Daily) (Received ₹20,556.28 for Daily retail store sales revenue from Walk-in Store Sale) [income]"
2026-06-08,3114341.34,92563.14,5418.17,0.0,0.0,84430.6,"User Transactions: +Walk-in Store Sales (Daily) (Received ₹14,874.82 for Daily retail store sales revenue from Walk-in Store Sales (Daily). Cash balance was ₹1,503,259.00 before, ₹1,518,133.82 after. No delayed payments or cash flow issues observed. Outcome: healthy.) [income], +Walk-in Store Sales (Daily) (Received ₹13,205.50 for Daily retail store sales revenue from Walk-in Store Sales (Daily). Cash balance was ₹1,518,133.82 before, ₹1,531,339.32 after. No delayed payments or cash flow issues observed. Outcome: healthy.) [income], +Walk-in Store Sales (Daily) (Received ₹14,134.98 for Daily retail store sales revenue from Walk-in Store Sales (Daily). Cash balance was ₹1,531,339.32 before, ₹1,545,474.30 after. No delayed payments or cash flow issues observed. Outcome: healthy.) [income], +Walk-in Store Sales (Daily) (Received ₹14,874.82 for Daily retail store sales revenue from Walk-in Store Sale) [income], +Walk-in Store Sales (Daily) (Received ₹13,205.50 for Daily retail store sales revenue from Walk-in Store Sale) [income], +Walk-in Store Sales (Daily) (Received ₹14,134.98 for Daily retail store sales revenue from Walk-in Store Sale) [income]"
2026-06-09,3157380.25,46196.45,3157.53,0.0,0.0,40635.9,"User Transactions: +Walk-in Store Sales (Daily) (Received ₹20,317.95 for Daily retail store sales revenue from Walk-in Store Sales (Daily). Cash balance was ₹1,545,474.30 before, ₹1,565,792.25 after. No delayed payments or cash flow issues observed. Outcome: healthy.) [income], +Walk-in Store Sales (Daily) (Received ₹20,317.95 for Daily retail store sales revenue from Walk-in Store Sale) [income]"
2026-06-10,3234675.87,112921.92,3237.43,8000.0,24388.86,109754.06,"Monthly Utilities; User Transactions: -Tamil Nadu Electricity Board (TNEB) (Paid ₹8,976.73 for Commercial electricity bill to Tamil Nadu Electricity Board (TNEB). Cash balance was ₹1,565,792.25 before, ₹1,556,815.52 after. No delayed payments or cash flow issues observed. Outcome: healthy.) [expense], -HDFC Bank (Paid ₹3,217.70 for Bank account maintenance and POS charges to HDFC Bank. Cash balance was ₹1,556,815.52 before, ₹1,553,597.82 after. No delayed payments or cash flow issues observed. Outcome: healthy.) [expense], +Walk-in Store Sales (Daily) (Received ₹12,273.86 for Daily retail store sales revenue from Walk-in Store Sales (Daily). Cash balance was ₹1,553,597.82 before, ₹1,565,871.68 after. No delayed payments or cash flow issues observed. Outcome: healthy.) [income], +Walk-in Store Sales (Daily) (Received ₹24,668.68 for Daily retail store sales revenue from Walk-in Store Sales (Daily). Cash balance was ₹1,565,871.68 before, ₹1,590,540.36 after. No delayed payments or cash flow issues observed. Outcome: healthy.) [income], +Walk-in Store Sales (Daily) (Received ₹8,240.52 for Daily retail store sales revenue from Walk-in Store Sales (Daily). Cash balance was ₹1,590,540.36 before, ₹1,598,780.88 after. No delayed payments or cash flow issues observed. Outcome: healthy.) [income], +Online Portal Sales (Received ₹9,693.97 for E-commerce platform order settlement from Online Portal Sales. Cash balance was ₹1,598,780.88 before, ₹1,608,474.85 after. No delayed payments or cash flow issues observed. Outcome: healthy.) [income], -Tamil Nadu Electricity Board (TNEB) (Paid ₹8,976.73 for Commercial electricity bill to Tamil Nadu Electricity Board () [expense], -HDFC Bank (Paid ₹3,217.70 for Bank account maintenance and POS charges to HDFC Bank. Cash b) [expense], +Walk-in Store Sales (Daily) (Received ₹12,273.86 for Daily retail store sales revenue from Walk-in Store Sale) [income], +Walk-in Store Sales (Daily) (Received ₹24,668.68 for Daily retail store sales revenue from Walk-in Store Sale) [income], +Walk-in Store Sales (Daily) (Received ₹8,240.52 for Daily retail store sales revenue from Walk-in Store Sales) [income], +Online Portal Sales (Received ₹9,693.97 for E-commerce platform order settlement from Online Portal S) [income]"
2026-06-11,3257079.44,26964.39,4560.82,0.0,0.0,20064.86,"User Transactions: +Walk-in Store Sales (Daily) (Received ₹10,032.43 for Daily retail store sales revenue from Walk-in Store Sales (Daily). Cash balance was ₹1,608,474.85 before, ₹1,618,507.28 after. No delayed payments or cash flow issues observed. Outcome: healthy.) [income], +Walk-in Store Sales (Daily) (Received ₹10,032.43 for Daily retail store sales revenue from Walk-in Store Sale) [income]"
2026-06-12,3254734.07,8125.73,5473.11,0.0,4998.0,0.0,"User Transactions: -Airtel Broadband (Paid ₹2,499.00 for Business internet and landline to Airtel Broadband. Cash balance was ₹1,618,507.28 before, ₹1,616,008.28 after. No delayed payments or cash flow issues observed. Outcome: healthy.) [expense], -Airtel Broadband (Paid ₹2,499.00 for Business internet and landline to Airtel Broadband. Cash bala) [expense]"
2026-06-13,3253155.59,17653.54,3201.84,0.0,16030.18,0.0,"User Transactions: -Package Craft India (Paid ₹8,015.09 for Custom printed bags and shipping boxes to Package Craft India. Cash balance was ₹1,616,008.28 before, ₹1,607,993.19 after. No delayed payments or cash flow issues observed. Outcome: healthy.) [expense], -Package Craft India (Paid ₹8,015.09 for Custom printed bags and shipping boxes to Package Craft India) [expense]"
2026-06-14,3308115.11,58128.67,3169.15,0.0,0.0,49885.46,"User Transactions: +Walk-in Store Sales (Daily) (Received ₹24,942.73 for Daily retail store sales revenue from Walk-in Store Sales (Daily). Cash balance was ₹1,607,993.19 before, ₹1,632,935.92 after. No delayed payments or cash flow issues observed. Outcome: healthy.) [income], +Walk-in Store Sales (Daily) (Received ₹24,942.73 for Daily retail store sales revenue from Walk-in Store Sale) [income]"
2026-06-15,3226118.5,8231.79,6228.4,0.0,84000.0,0.0,"User Transactions: -National Steel Racks & Shelving (Paid ₹42,000.00 for Heavy-duty warehouse storage racks and store display shelves to National Steel Racks & Shelving. Cash balance was ₹1,632,935.92 before, ₹1,590,935.92 after. No delayed payments or cash flow issues observed. Outcome: healthy.) [expense], -National Steel Racks & Shelving (Paid ₹42,000.00 for Heavy-duty warehouse storage racks and store display shelves) [expense]"
2026-06-16,3225074.14,5447.11,6491.47,0.0,0.0,0.0,Daily retail operations
2026-06-17,3230646.45,8774.81,3202.5,0.0,0.0,0.0,Daily retail operations
2026-06-18,3345887.9,120926.84,5685.39,0.0,0.0,109628.08,"User Transactions: +Walk-in Store Sales (Daily) (Received ₹17,025.67 for Daily retail store sales revenue from Walk-in Store Sales (Daily). Cash balance was ₹1,590,935.92 before, ₹1,607,961.59 after. No delayed payments or cash flow issues observed. Outcome: healthy.) [income], +Walk-in Store Sales (Daily) (Received ₹13,623.45 for Daily retail store sales revenue from Walk-in Store Sales (Daily). Cash balance was ₹1,607,961.59 before, ₹1,621,585.04 after. No delayed payments or cash flow issues observed. Outcome: healthy.) [income], +Walk-in Store Sales (Daily) (Received ₹24,164.92 for Daily retail store sales revenue from Walk-in Store Sales (Daily). Cash balance was ₹1,621,585.04 before, ₹1,645,749.96 after. No delayed payments or cash flow issues observed. Outcome: healthy.) [income], +Walk-in Store Sales (Daily) (Received ₹17,025.67 for Daily retail store sales revenue from Walk-in Store Sale) [income], +Walk-in Store Sales (Daily) (Received ₹13,623.45 for Daily retail store sales revenue from Walk-in Store Sale) [income], +Walk-in Store Sales (Daily) (Received ₹24,164.92 for Daily retail store sales revenue from Walk-in Store Sale) [income]"
2026-06-19,3392478.44,49288.59,2698.05,0.0,0.0,28546.7,"User Transactions: +Walk-in Store Sales (Daily) (Received ₹14,273.35 for Daily retail store sales revenue from Walk-in Store Sales (Daily). Cash balance was ₹1,645,749.96 before, ₹1,660,023.31 after. No delayed payments or cash flow issues observed. Outcome: healthy.) [income], +Walk-in Store Sales (Daily) (Received ₹14,273.35 for Daily retail store sales revenue from Walk-in Store Sale) [income]"
2026-06-20,3399161.51,11202.63,4519.56,0.0,0.0,0.0,Daily retail operations
2026-06-21,3397877.45,6508.62,7792.68,0.0,0.0,0.0,Daily retail operations
2026-06-22,3401958.25,9831.25,5750.45,0.0,0.0,0.0,Daily retail operations
2026-06-23,3457017.82,60857.31,5797.74,0.0,0.0,53722.44,"User Transactions: +Walk-in Store Sales (Daily) (Received ₹15,713.67 for Daily retail store sales revenue from Walk-in Store Sales (Daily). Cash balance was ₹1,660,023.31 before, ₹1,675,736.98 after. No delayed payments or cash flow issues observed. Outcome: healthy.) [income], +Walk-in Store Sales (Daily) (Received ₹11,147.55 for Daily retail store sales revenue from Walk-in Store Sales (Daily). Cash balance was ₹1,675,736.98 before, ₹1,686,884.53 after. No delayed payments or cash flow issues observed. Outcome: healthy.) [income], +Walk-in Store Sales (Daily) (Received ₹15,713.67 for Daily retail store sales revenue from Walk-in Store Sale) [income], +Walk-in Store Sales (Daily) (Received ₹11,147.55 for Daily retail store sales revenue from Walk-in Store Sale) [income]"
2026-06-24,3452031.1,3123.34,5059.43,0.0,3050.64,0.0,"User Transactions: -Mineral Water Suppliers (Paid ₹1,525.32 for Monthly drinking water supply for office to Mineral Water Suppliers. Cash balance was ₹1,686,884.53 before, ₹1,685,359.21 after. No delayed payments or cash flow issues observed. Outcome: healthy.) [expense], -Mineral Water Suppliers (Paid ₹1,525.32 for Monthly drinking water supply for office to Mineral Water Sup) [expense]"
2026-06-25,3507605.76,60329.73,4755.06,0.0,0.0,53655.24,"User Transactions: +Walk-in Store Sales (Daily) (Received ₹16,918.83 for Daily retail store sales revenue from Walk-in Store Sales (Daily). Cash balance was ₹1,685,359.21 before, ₹1,702,278.04 after. No delayed payments or cash flow issues observed. Outcome: healthy.) [income], +Online Portal Sales (Received ₹9,908.79 for E-commerce platform order settlement from Online Portal Sales. Cash balance was ₹1,702,278.04 before, ₹1,712,186.83 after. No delayed payments or cash flow issues observed. Outcome: healthy.) [income], +Walk-in Store Sales (Daily) (Received ₹16,918.83 for Daily retail store sales revenue from Walk-in Store Sale) [income], +Online Portal Sales (Received ₹9,908.79 for E-commerce platform order settlement from Online Portal S) [income]"
2026-06-26,3516503.47,15633.56,6735.85,0.0,0.0,0.0,Daily retail operations
2026-06-27,3548107.92,35656.3,4051.86,0.0,0.0,22600.0,"User Transactions: +Walk-in Store Sales (Daily) (Received ₹11,300.00 for Daily retail store sales revenue from Walk-in Store Sales (Daily). Cash balance was ₹1,712,186.83 before, ₹1,723,486.83 after. No delayed payments or cash flow issues observed. Outcome: healthy.) [income], +Walk-in Store Sales (Daily) (Received ₹11,300.00 for Daily retail store sales revenue from Walk-in Store Sale) [income]"
2026-06-28,3221291.06,22518.22,4231.06,75000.0,270104.02,10245.3,"Monthly Payroll Salaries; User Transactions: -Payroll - Staff Salaries (Paid ₹75,000.00 for Monthly staff salary disbursement to Payroll - Staff Salaries. Cash balance was ₹1,723,486.83 before, ₹1,648,486.83 after. No delayed payments or cash flow issues observed. Outcome: healthy.) [expense], -Metro Cash & Carry (Paid ₹60,052.01 for Bulk FMCG and grocery inventory purchase to Metro Cash & Carry. Cash balance was ₹1,648,486.83 before, ₹1,588,434.82 after. No delayed payments or cash flow issues observed. Outcome: healthy.) [expense], +Online Portal Sales (Received ₹5,122.65 for E-commerce platform order settlement from Online Portal Sales. Cash balance was ₹1,588,434.82 before, ₹1,593,557.47 after. No delayed payments or cash flow issues observed. Outcome: healthy.) [income], -Payroll - Staff Salaries (Paid ₹75,000.00 for Monthly staff salary disbursement to Payroll - Staff Salarie) [expense], -Metro Cash & Carry (Paid ₹60,052.01 for Bulk FMCG and grocery inventory purchase to Metro Cash & Car) [expense], +Online Portal Sales (Received ₹5,122.65 for E-commerce platform order settlement from Online Portal S) [income]"
2026-06-29,3225069.45,9224.56,5446.16,0.0,0.0,0.0,Daily retail operations
2026-06-30,3207052.96,7846.36,4885.87,0.0,20976.98,0.0,"User Transactions: -Sharma Logistics & Freight (Paid ₹10,488.49 for Freight and delivery charges to Sharma Logistics & Freight. Cash balance was ₹1,593,557.47 before, ₹1,583,068.98 after. No delayed payments or cash flow issues observed. Outcome: healthy.) [expense], -Sharma Logistics & Freight (Paid ₹10,488.49 for Freight and delivery charges to Sharma Logistics & Freight. ) [expense]"
2026-07-01,3232366.23,121370.01,6056.74,30000.0,60000.0,112681.4,"Monthly Office Rent; User Transactions: -Commercial Realty Trust (Paid ₹30,000.00 for Monthly office and store lease rent to Commercial Realty Trust. Cash balance was ₹1,583,068.98 before, ₹1,553,068.98 after. No delayed payments or cash flow issues observed. Outcome: healthy.) [expense], +Star Retailers (Client) (Received ₹56,340.70 for Wholesale order invoice payment from retail chain from Star Retailers (Client). Cash balance was ₹1,553,068.98 before, ₹1,609,409.68 after. No delayed payments or cash flow issues observed. Outcome: healthy.) [income], -Commercial Realty Trust (Paid ₹30,000.00 for Monthly office and store lease rent to Commercial Realty Tru) [expense], +Star Retailers (Client) (Received ₹56,340.70 for Wholesale order invoice payment from retail chain from S) [income]"
2026-07-02,3219070.82,45549.19,5836.06,0.0,53008.54,36727.46,"User Transactions: -ABC Traders (Paid ₹26,504.27 for Inventory restocking - general merchandise to ABC Traders. Cash balance was ₹1,609,409.68 before, ₹1,582,905.41 after. No delayed payments or cash flow issues observed. Outcome: healthy.) [expense], +Walk-in Store Sales (Daily) (Received ₹18,363.73 for Daily retail store sales revenue from Walk-in Store Sales (Daily). Cash balance was ₹1,582,905.41 before, ₹1,601,269.14 after. No delayed payments or cash flow issues observed. Outcome: healthy.) [income], -ABC Traders (Paid ₹26,504.27 for Inventory restocking - general merchandise to ABC Traders. C) [expense], +Walk-in Store Sales (Daily) (Received ₹18,363.73 for Daily retail store sales revenue from Walk-in Store Sale) [income]"
2026-07-03,3244087.29,80381.0,4112.57,0.0,51251.96,65242.78,"User Transactions: -CloudHost Technologies Pvt Ltd (Paid ₹4,337.61 for Monthly cloud hosting subscription to CloudHost Technologies Pvt Ltd. Cash balance was ₹1,601,269.14 before, ₹1,596,931.53 after. No delayed payments or cash flow issues observed. Outcome: healthy.) [expense], -Google Ads (Paid ₹21,288.37 for Search engine keyword marketing campaign to Google Ads. Cash balance was ₹1,596,931.53 before, ₹1,575,643.16 after. No delayed payments or cash flow issues observed. Outcome: healthy.) [expense], +Walk-in Store Sales (Daily) (Received ₹14,812.03 for Daily retail store sales revenue from Walk-in Store Sales (Daily). Cash balance was ₹1,575,643.16 before, ₹1,590,455.19 after. No delayed payments or cash flow issues observed. Outcome: healthy.) [income], +Walk-in Store Sales (Daily) (Received ₹17,809.36 for Daily retail store sales revenue from Walk-in Store Sales (Daily). Cash balance was ₹1,590,455.19 before, ₹1,608,264.55 after. No delayed payments or cash flow issues observed. Outcome: healthy.) [income], -CloudHost Technologies Pvt Ltd (Paid ₹4,337.61 for Monthly cloud hosting subscription to CloudHost Technologies ) [expense], -Google Ads (Paid ₹21,288.37 for Search engine keyword marketing campaign to Google Ads. Cash) [expense], +Walk-in Store Sales (Daily) (Received ₹14,812.03 for Daily retail store sales revenue from Walk-in Store Sale) [income], +Walk-in Store Sales (Daily) (Received ₹17,809.36 for Daily retail store sales revenue from Walk-in Store Sale) [income]"
2026-07-04,3248105.31,16521.53,5350.24,0.0,7153.28,0.0,"User Transactions: -Google Workspace (Paid ₹3,576.64 for Business email and productivity licenses to Google Workspace. Cash balance was ₹1,608,264.55 before, ₹1,604,687.91 after. No delayed payments or cash flow issues observed. Outcome: healthy.) [expense], -Google Workspace (Paid ₹3,576.64 for Business email and productivity licenses to Google Workspace.) [expense]"
2026-07-05,3295992.53,53449.29,5562.06,0.0,0.0,43578.84,"User Transactions: +Walk-in Store Sales (Daily) (Received ₹21,789.42 for Daily retail store sales revenue from Walk-in Store Sales (Daily). Cash balance was ₹1,604,687.91 before, ₹1,626,477.33 after. No delayed payments or cash flow issues observed. Outcome: healthy.) [income], +Walk-in Store Sales (Daily) (Received ₹21,789.42 for Daily retail store sales revenue from Walk-in Store Sale) [income]"
2026-07-06,3344642.85,54287.43,5637.11,0.0,0.0,48826.92,"User Transactions: +Walk-in Store Sales (Daily) (Received ₹24,413.46 for Daily retail store sales revenue from Walk-in Store Sales (Daily). Cash balance was ₹1,626,477.33 before, ₹1,650,890.79 after. No delayed payments or cash flow issues observed. Outcome: healthy.) [income], +Walk-in Store Sales (Daily) (Received ₹24,413.46 for Daily retail store sales revenue from Walk-in Store Sale) [income]"
2026-07-07,3366308.37,31527.96,6658.76,0.0,3203.68,24997.96,"User Transactions: -Mineral Water Suppliers (Paid ₹1,601.84 for Monthly drinking water supply for office to Mineral Water Suppliers. Cash balance was ₹1,650,890.79 before, ₹1,649,288.95 after. No delayed payments or cash flow issues observed. Outcome: healthy.) [expense], +Walk-in Store Sales (Daily) (Received ₹12,498.98 for Daily retail store sales revenue from Walk-in Store Sales (Daily). Cash balance was ₹1,649,288.95 before, ₹1,661,787.93 after. No delayed payments or cash flow issues observed. Outcome: healthy.) [income], -Mineral Water Suppliers (Paid ₹1,601.84 for Monthly drinking water supply for office to Mineral Water Sup) [expense], +Walk-in Store Sales (Daily) (Received ₹12,498.98 for Daily retail store sales revenue from Walk-in Store Sale) [income]"
2026-07-08,3645835.57,284093.84,4566.64,0.0,0.0,272925.74,"User Transactions: +Walk-in Store Sales (Daily) (Received ₹10,013.68 for Daily retail store sales revenue from Walk-in Store Sales (Daily). Cash balance was ₹1,661,787.93 before, ₹1,671,801.61 after. No delayed payments or cash flow issues observed. Outcome: healthy.) [income], +Walk-in Store Sales (Daily) (Received ₹21,186.79 for Daily retail store sales revenue from Walk-in Store Sales (Daily). Cash balance was ₹1,671,801.61 before, ₹1,692,988.40 after. No delayed payments or cash flow issues observed. Outcome: healthy.) [income], +Apex Enterprises (Client) (Received ₹97,381.35 for Wholesale goods dispatch payment from corporate client from Apex Enterprises (Client). Cash balance was ₹1,692,988.40 before, ₹1,790,369.75 after. No delayed payments or cash flow issues observed. Outcome: healthy.) [income], +Online Portal Sales (Received ₹7,881.05 for E-commerce platform order settlement from Online Portal Sales. Cash balance was ₹1,790,369.75 before, ₹1,798,250.80 after. No delayed payments or cash flow issues observed. Outcome: healthy.) [income], +Walk-in Store Sales (Daily) (Received ₹10,013.68 for Daily retail store sales revenue from Walk-in Store Sale) [income], +Walk-in Store Sales (Daily) (Received ₹21,186.79 for Daily retail store sales revenue from Walk-in Store Sale) [income], +Apex Enterprises (Client) (Received ₹97,381.35 for Wholesale goods dispatch payment from corporate client f) [income], +Online Portal Sales (Received ₹7,881.05 for E-commerce platform order settlement from Online Portal S) [income]"
2026-07-09,3698825.73,57911.33,4921.16,0.0,0.0,47996.16,"User Transactions: +Walk-in Store Sales (Daily) (Received ₹23,998.08 for Daily retail store sales revenue from Walk-in Store Sales (Daily). Cash balance was ₹1,798,250.80 before, ₹1,822,248.88 after. No delayed payments or cash flow issues observed. Outcome: healthy.) [income], +Walk-in Store Sales (Daily) (Received ₹23,998.08 for Daily retail store sales revenue from Walk-in Store Sale) [income]"
2026-07-10,3679070.54,69607.46,6154.08,8000.0,75208.58,59393.16,"Monthly Utilities; User Transactions: -Tamil Nadu Electricity Board (TNEB) (Paid ₹7,604.29 for Commercial electricity bill to Tamil Nadu Electricity Board (TNEB). Cash balance was ₹1,822,248.88 before, ₹1,814,644.59 after. No delayed payments or cash flow issues observed. Outcome: healthy.) [expense], -Kothari & Associates (Paid ₹15,000.00 for GST return filing and auditor compliance review to Kothari & Associates. Cash balance was ₹1,814,644.59 before, ₹1,799,644.59 after. No delayed payments or cash flow issues observed. Outcome: healthy.) [expense], -Kothari & Associates (Paid ₹15,000.00 for GST return filing - Q1 FY26-27 and auditor compliance review to Kothari & Associates. Cash balance was ₹1,799,644.59 before, ₹1,784,644.59 after. No delayed payments or cash flow issues observed. Outcome: healthy.) [expense], +Walk-in Store Sales (Daily) (Received ₹17,666.70 for Daily retail store sales revenue from Walk-in Store Sales (Daily). Cash balance was ₹1,784,644.59 before, ₹1,802,311.29 after. No delayed payments or cash flow issues observed. Outcome: healthy.) [income], +Online Portal Sales (Received ₹12,029.88 for E-commerce platform order settlement from Online Portal Sales. Cash balance was ₹1,802,311.29 before, ₹1,814,341.17 after. No delayed payments or cash flow issues observed. Outcome: healthy.) [income], -Tamil Nadu Electricity Board (TNEB) (Paid ₹7,604.29 for Commercial electricity bill to Tamil Nadu Electricity Board () [expense], -Kothari & Associates (Paid ₹15,000.00 for GST return filing and auditor compliance review to Kothari &) [expense], -Kothari & Associates (Paid ₹15,000.00 for GST return filing - Q1 FY26-27 and auditor compliance review) [expense], +Walk-in Store Sales (Daily) (Received ₹17,666.70 for Daily retail store sales revenue from Walk-in Store Sale) [income], +Online Portal Sales (Received ₹12,029.88 for E-commerce platform order settlement from Online Portal ) [income]"
2026-07-11,3683724.46,10274.67,5620.74,0.0,0.0,0.0,Daily retail operations
2026-07-12,3681209.34,8484.07,6001.2,0.0,4998.0,0.0,"User Transactions: -Airtel Broadband (Paid ₹2,499.00 for Business internet and landline to Airtel Broadband. Cash balance was ₹1,814,341.17 before, ₹1,811,842.17 after. No delayed payments or cash flow issues observed. Outcome: healthy.) [expense], -Airtel Broadband (Paid ₹2,499.00 for Business internet and landline to Airtel Broadband. Cash bala) [expense]"
2026-07-13,3715229.46,38468.77,4448.65,0.0,0.0,31317.5,"User Transactions: +Walk-in Store Sales (Daily) (Received ₹15,658.75 for Daily retail store sales revenue from Walk-in Store Sales (Daily). Cash balance was ₹1,811,842.17 before, ₹1,827,500.92 after. No delayed payments or cash flow issues observed. Outcome: healthy.) [income], +Walk-in Store Sales (Daily) (Received ₹15,658.75 for Daily retail store sales revenue from Walk-in Store Sale) [income]"
2026-07-14,3719359.89,10251.12,6120.69,0.0,0.0,0.0,Daily retail operations
2026-07-15,3763038.27,47014.82,3336.44,0.0,0.0,37533.6,"User Transactions: +Walk-in Store Sales (Daily) (Received ₹13,055.00 for Daily retail store sales revenue from Walk-in Store Sales (Daily). Cash balance was ₹1,827,500.92 before, ₹1,840,555.92 after. No delayed payments or cash flow issues observed. Outcome: healthy.) [income], +Online Portal Sales (Received ₹5,711.80 for E-commerce platform order settlement from Online Portal Sales. Cash balance was ₹1,840,555.92 before, ₹1,846,267.72 after. No delayed payments or cash flow issues observed. Outcome: healthy.) [income], +Walk-in Store Sales (Daily) (Received ₹13,055.00 for Daily retail store sales revenue from Walk-in Store Sale) [income], +Online Portal Sales (Received ₹5,711.80 for E-commerce platform order settlement from Online Portal S) [income]"
2026-07-16,3803753.96,44113.59,3397.91,0.0,0.0,35704.14,"User Transactions: +Walk-in Store Sales (Daily) (Received ₹9,939.48 for Daily retail store sales revenue from Walk-in Store Sales (Daily). Cash balance was ₹1,846,267.72 before, ₹1,856,207.20 after. No delayed payments or cash flow issues observed. Outcome: healthy.) [income], +Online Portal Sales (Received ₹7,912.59 for E-commerce platform order settlement from Online Portal Sales. Cash balance was ₹1,856,207.20 before, ₹1,864,119.79 after. No delayed payments or cash flow issues observed. Outcome: healthy.) [income], +Walk-in Store Sales (Daily) (Received ₹9,939.48 for Daily retail store sales revenue from Walk-in Store Sales) [income], +Online Portal Sales (Received ₹7,912.59 for E-commerce platform order settlement from Online Portal S) [income]"
2026-07-17,3813077.68,14623.68,5299.96,0.0,0.0,0.0,Daily retail operations
2026-07-18,3799655.93,8206.33,6028.08,0.0,15600.0,0.0,"User Transactions: -Sharma Logistics & Freight (Paid ₹7,800.00 for Freight & delivery charges - stock consignment to Sharma Logistics & Freight. Cash balance was ₹1,864,119.79 before, ₹1,856,319.79 after. No delayed payments or cash flow issues observed. Outcome: healthy.) [expense], -Sharma Logistics & Freight (Paid ₹7,800.00 for Freight & delivery charges - stock consignment to Sharma Logi) [expense]"
2026-07-19,3850315.18,57688.72,7029.47,0.0,0.0,49661.06,"User Transactions: +Walk-in Store Sales (Daily) (Received ₹24,830.53 for Daily retail store sales revenue from Walk-in Store Sales (Daily). Cash balance was ₹1,856,319.79 before, ₹1,881,150.32 after. No delayed payments or cash flow issues observed. Outcome: healthy.) [income], +Walk-in Store Sales (Daily) (Received ₹24,830.53 for Daily retail store sales revenue from Walk-in Store Sale) [income]"
2026-07-20,3898884.19,52592.92,4023.91,0.0,0.0,42885.18,"User Transactions: +Walk-in Store Sales (Daily) (Received ₹21,442.59 for Daily retail store sales revenue from Walk-in Store Sales (Daily). Cash balance was ₹1,881,150.32 before, ₹1,902,592.91 after. No delayed payments or cash flow issues observed. Outcome: healthy.) [income], +Walk-in Store Sales (Daily) (Received ₹21,442.59 for Daily retail store sales revenue from Walk-in Store Sale) [income]"
2026-07-21,3899560.7,5605.12,4928.61,0.0,0.0,0.0,Daily retail operations
2026-07-22,3918773.24,25495.23,6282.69,0.0,0.0,17822.7,"User Transactions: +Walk-in Store Sales (Daily) (Received ₹8,911.35 for Daily retail store sales revenue from Walk-in Store Sales (Daily). Cash balance was ₹1,902,592.91 before, ₹1,911,504.26 after. No delayed payments or cash flow issues observed. Outcome: healthy.) [income], +Walk-in Store Sales (Daily) (Received ₹8,911.35 for Daily retail store sales revenue from Walk-in Store Sales) [income]"
2026-07-23,3921803.37,7886.93,4856.8,0.0,0.0,0.0,Daily retail operations
2026-07-24,3952777.99,32742.43,1767.81,0.0,0.0,19373.94,"User Transactions: +Walk-in Store Sales (Daily) (Received ₹9,686.97 for Daily retail store sales revenue from Walk-in Store Sales (Daily). Cash balance was ₹1,911,504.26 before, ₹1,921,191.23 after. No delayed payments or cash flow issues observed. Outcome: healthy.) [income], +Walk-in Store Sales (Daily) (Received ₹9,686.97 for Daily retail store sales revenue from Walk-in Store Sales) [income]"
2026-07-25,4014609.62,65747.86,3916.23,0.0,0.0,53214.7,"User Transactions: +Walk-in Store Sales (Daily) (Received ₹15,074.96 for Daily retail store sales revenue from Walk-in Store Sales (Daily). Cash balance was ₹1,921,191.23 before, ₹1,936,266.19 after. No delayed payments or cash flow issues observed. Outcome: healthy.) [income], +Walk-in Store Sales (Daily) (Received ₹11,532.39 for Daily retail store sales revenue from Walk-in Store Sales (Daily). Cash balance was ₹1,936,266.19 before, ₹1,947,798.58 after. No delayed payments or cash flow issues observed. Outcome: healthy.) [income], +Walk-in Store Sales (Daily) (Received ₹15,074.96 for Daily retail store sales revenue from Walk-in Store Sale) [income], +Walk-in Store Sales (Daily) (Received ₹11,532.39 for Daily retail store sales revenue from Walk-in Store Sale) [income]"
2026-07-26,4014317.01,7535.8,7828.41,0.0,0.0,0.0,Daily retail operations
2026-07-27,4020009.72,8257.34,2564.63,0.0,0.0,0.0,Daily retail operations
2026-07-28,3796698.06,5803.94,4115.6,75000.0,150000.0,0.0,"Monthly Payroll Salaries; User Transactions: -Payroll - Staff Salaries (Paid ₹75,000.00 for Monthly staff salary disbursement to Payroll - Staff Salaries. Cash balance was ₹1,947,798.58 before, ₹1,872,798.58 after. No delayed payments or cash flow issues observed. Outcome: healthy.) [expense], -Payroll - Staff Salaries (Paid ₹75,000.00 for Monthly staff salary disbursement to Payroll - Staff Salarie) [expense]"
2026-07-29,3798782.89,7470.79,5385.96,0.0,0.0,0.0,Daily retail operations
2026-07-30,3637014.96,9045.79,5541.74,0.0,165271.98,0.0,"User Transactions: -Metro Cash & Carry (Paid ₹82,635.99 for Bulk FMCG and grocery inventory purchase to Metro Cash & Carry. Cash balance was ₹1,872,798.58 before, ₹1,790,162.59 after. No delayed payments or cash flow issues observed. Outcome: healthy.) [expense], -Metro Cash & Carry (Paid ₹82,635.99 for Bulk FMCG and grocery inventory purchase to Metro Cash & Car) [expense]"
2026-07-31,3649641.38,41031.58,5295.56,0.0,23109.6,26330.4,"User Transactions: -Package Craft India (Paid ₹11,554.80 for Custom printed bags and shipping boxes to Package Craft India. Cash balance was ₹1,790,162.59 before, ₹1,778,607.79 after. No delayed payments or cash flow issues observed. Outcome: healthy.) [expense], +Walk-in Store Sales (Daily) (Received ₹13,165.20 for Daily retail store sales revenue from Walk-in Store Sales (Daily). Cash balance was ₹1,778,607.79 before, ₹1,791,772.99 after. No delayed payments or cash flow issues observed. Outcome: healthy.) [income], -Package Craft India (Paid ₹11,554.80 for Custom printed bags and shipping boxes to Package Craft Indi) [expense], +Walk-in Store Sales (Daily) (Received ₹13,165.20 for Daily retail store sales revenue from Walk-in Store Sale) [income]"
2026-08-01,3601487.58,45738.64,3892.44,30000.0,60000.0,29991.44,"Monthly Office Rent; User Transactions: -Commercial Realty Trust (Paid ₹30,000.00 for Monthly office and store lease rent to Commercial Realty Trust. Cash balance was ₹1,791,772.99 before, ₹1,761,772.99 after. No delayed payments or cash flow issues observed. Outcome: healthy.) [expense], +Online Portal Sales (Received ₹14,995.72 for E-commerce platform order settlement from Online Portal Sales. Cash balance was ₹1,761,772.99 before, ₹1,776,768.71 after. No delayed payments or cash flow issues observed. Outcome: healthy.) [income], -Commercial Realty Trust (Paid ₹30,000.00 for Monthly office and store lease rent to Commercial Realty Tru) [expense], +Online Portal Sales (Received ₹14,995.72 for E-commerce platform order settlement from Online Portal ) [income]"
2026-08-02,3603165.01,7329.88,5652.46,0.0,0.0,0.0,Daily retail operations
2026-08-03,3643167.69,44118.87,4116.19,0.0,0.0,41811.14,"User Transactions: +Walk-in Store Sales (Daily) (Received ₹9,013.85 for Daily retail store sales revenue from Walk-in Store Sales (Daily). Cash balance was ₹1,776,768.71 before, ₹1,785,782.56 after. No delayed payments or cash flow issues observed. Outcome: healthy.) [income], +Walk-in Store Sales (Daily) (Received ₹11,891.72 for Daily retail store sales revenue from Walk-in Store Sales (Daily). Cash balance was ₹1,785,782.56 before, ₹1,797,674.28 after. No delayed payments or cash flow issues observed. Outcome: healthy.) [income], +Walk-in Store Sales (Daily) (Received ₹9,013.85 for Daily retail store sales revenue from Walk-in Store Sales) [income], +Walk-in Store Sales (Daily) (Received ₹11,891.72 for Daily retail store sales revenue from Walk-in Store Sale) [income]"
2026-08-04,3640834.25,10834.63,5094.81,0.0,8073.26,0.0,"User Transactions: -CloudHost Technologies Pvt Ltd (Paid ₹4,036.63 for Monthly cloud hosting subscription to CloudHost Technologies Pvt Ltd. Cash balance was ₹1,797,674.28 before, ₹1,793,637.65 after. No delayed payments or cash flow issues observed. Outcome: healthy.) [expense], -CloudHost Technologies Pvt Ltd (Paid ₹4,036.63 for Monthly cloud hosting subscription to CloudHost Technologies ) [expense]"
2026-08-05,3643056.08,7355.57,5133.74,0.0,0.0,0.0,Daily retail operations
2026-08-06,3646691.15,10733.29,7098.22,0.0,0.0,0.0,Daily retail operations
2026-08-07,3656236.42,13991.13,4445.86,0.0,0.0,0.0,Daily retail operations
2026-08-08,3674743.7,49924.88,4027.06,0.0,27390.54,38019.58,"User Transactions: -Meta Ads (Paid ₹13,695.27 for Facebook & Instagram advertising campaign to Meta Ads. Cash balance was ₹1,793,637.65 before, ₹1,779,942.38 after. No delayed payments or cash flow issues observed. Outcome: healthy.) [expense], +Walk-in Store Sales (Daily) (Received ₹19,009.79 for Daily retail store sales revenue from Walk-in Store Sales (Daily). Cash balance was ₹1,779,942.38 before, ₹1,798,952.17 after. No delayed payments or cash flow issues observed. Outcome: healthy.) [income], -Meta Ads (Paid ₹13,695.27 for Facebook & Instagram advertising campaign to Meta Ads. Cash ) [expense], +Walk-in Store Sales (Daily) (Received ₹19,009.79 for Daily retail store sales revenue from Walk-in Store Sale) [income]"
2026-08-09,3714543.11,125171.15,5118.62,0.0,80253.12,119907.68,"User Transactions: -ABC Traders (Paid ₹36,873.58 for Inventory restocking - general merchandise to ABC Traders. Cash balance was ₹1,798,952.17 before, ₹1,762,078.59 after. No delayed payments or cash flow issues observed. Outcome: healthy.) [expense], -Google Workspace (Paid ₹3,252.98 for Business email and productivity licenses to Google Workspace. Cash balance was ₹1,762,078.59 before, ₹1,758,825.61 after. No delayed payments or cash flow issues observed. Outcome: healthy.) [expense], +Walk-in Store Sales (Daily) (Received ₹21,393.08 for Daily retail store sales revenue from Walk-in Store Sales (Daily). Cash balance was ₹1,758,825.61 before, ₹1,780,218.69 after. No delayed payments or cash flow issues observed. Outcome: healthy.) [income], +Walk-in Store Sales (Daily) (Received ₹22,052.73 for Daily retail store sales revenue from Walk-in Store Sales (Daily). Cash balance was ₹1,780,218.69 before, ₹1,802,271.42 after. No delayed payments or cash flow issues observed. Outcome: healthy.) [income], +Walk-in Store Sales (Daily) (Received ₹16,508.03 for Daily retail store sales revenue from Walk-in Store Sales (Daily). Cash balance was ₹1,802,271.42 before, ₹1,818,779.45 after. No delayed payments or cash flow issues observed. Outcome: healthy.) [income], -ABC Traders (Paid ₹36,873.58 for Inventory restocking - general merchandise to ABC Traders. C) [expense], -Google Workspace (Paid ₹3,252.98 for Business email and productivity licenses to Google Workspace.) [expense], +Walk-in Store Sales (Daily) (Received ₹21,393.08 for Daily retail store sales revenue from Walk-in Store Sale) [income], +Walk-in Store Sales (Daily) (Received ₹22,052.73 for Daily retail store sales revenue from Walk-in Store Sale) [income], +Walk-in Store Sales (Daily) (Received ₹16,508.03 for Daily retail store sales revenue from Walk-in Store Sale) [income]"
2026-08-10,3727895.15,42732.89,4850.39,8000.0,16530.46,30931.22,"Monthly Utilities; User Transactions: -Tamil Nadu Electricity Board (TNEB) (Paid ₹8,265.23 for Commercial electricity bill to Tamil Nadu Electricity Board (TNEB). Cash balance was ₹1,818,779.45 before, ₹1,810,514.22 after. No delayed payments or cash flow issues observed. Outcome: healthy.) [expense], +Walk-in Store Sales (Daily) (Received ₹15,465.61 for Daily retail store sales revenue from Walk-in Store Sales (Daily). Cash balance was ₹1,810,514.22 before, ₹1,825,979.83 after. No delayed payments or cash flow issues observed. Outcome: healthy.) [income], -Tamil Nadu Electricity Board (TNEB) (Paid ₹8,265.23 for Commercial electricity bill to Tamil Nadu Electricity Board () [expense], +Walk-in Store Sales (Daily) (Received ₹15,465.61 for Daily retail store sales revenue from Walk-in Store Sale) [income]"
2026-08-11,3735826.39,13516.89,5585.65,0.0,0.0,0.0,Daily retail operations
2026-08-12,3735468.43,9337.81,4697.77,0.0,4998.0,0.0,"User Transactions: -Airtel Broadband (Paid ₹2,499.00 for Business internet and landline to Airtel Broadband. Cash balance was ₹1,825,979.83 before, ₹1,823,480.83 after. No delayed payments or cash flow issues observed. Outcome: healthy.) [expense], -Airtel Broadband (Paid ₹2,499.00 for Business internet and landline to Airtel Broadband. Cash bala) [expense]"
2026-08-13,3735853.69,5529.32,5144.06,0.0,0.0,0.0,Daily retail operations
2026-08-14,3802726.18,71746.74,4874.24,0.0,0.0,60876.56,"User Transactions: +Walk-in Store Sales (Daily) (Received ₹9,951.20 for Daily retail store sales revenue from Walk-in Store Sales (Daily). Cash balance was ₹1,823,480.83 before, ₹1,833,432.03 after. No delayed payments or cash flow issues observed. Outcome: healthy.) [income], +Walk-in Store Sales (Daily) (Received ₹20,487.08 for Daily retail store sales revenue from Walk-in Store Sales (Daily). Cash balance was ₹1,833,432.03 before, ₹1,853,919.11 after. No delayed payments or cash flow issues observed. Outcome: healthy.) [income], +Walk-in Store Sales (Daily) (Received ₹9,951.20 for Daily retail store sales revenue from Walk-in Store Sales) [income], +Walk-in Store Sales (Daily) (Received ₹20,487.08 for Daily retail store sales revenue from Walk-in Store Sale) [income]"
2026-08-15,3828929.68,49068.0,4168.27,0.0,18696.22,39415.06,"User Transactions: -Sharma Logistics & Freight (Paid ₹9,348.11 for Freight and delivery charges to Sharma Logistics & Freight. Cash balance was ₹1,853,919.11 before, ₹1,844,571.00 after. No delayed payments or cash flow issues observed. Outcome: healthy.) [expense], +Walk-in Store Sales (Daily) (Received ₹19,707.53 for Daily retail store sales revenue from Walk-in Store Sales (Daily). Cash balance was ₹1,844,571.00 before, ₹1,864,278.53 after. No delayed payments or cash flow issues observed. Outcome: healthy.) [income], -Sharma Logistics & Freight (Paid ₹9,348.11 for Freight and delivery charges to Sharma Logistics & Freight. C) [expense], +Walk-in Store Sales (Daily) (Received ₹19,707.53 for Daily retail store sales revenue from Walk-in Store Sale) [income]"
2026-08-16,3866866.12,41585.66,3649.22,0.0,0.0,30883.8,"User Transactions: +Walk-in Store Sales (Daily) (Received ₹15,441.90 for Daily retail store sales revenue from Walk-in Store Sales (Daily). Cash balance was ₹1,864,278.53 before, ₹1,879,720.43 after. No delayed payments or cash flow issues observed. Outcome: healthy.) [income], +Walk-in Store Sales (Daily) (Received ₹15,441.90 for Daily retail store sales revenue from Walk-in Store Sale) [income]"
2026-08-17,3865249.17,6677.84,5885.42,0.0,2409.38,0.0,"User Transactions: -Mineral Water Suppliers (Paid ₹1,204.69 for Monthly drinking water supply for office to Mineral Water Suppliers. Cash balance was ₹1,879,720.43 before, ₹1,878,515.74 after. No delayed payments or cash flow issues observed. Outcome: healthy.) [expense], -Mineral Water Suppliers (Paid ₹1,204.69 for Monthly drinking water supply for office to Mineral Water Sup) [expense]"
2026-08-18,3866690.69,7614.19,6172.67,0.0,0.0,0.0,Daily retail operations
2026-08-19,3876771.95,16453.65,6372.38,0.0,0.0,10804.64,"User Transactions: +Online Portal Sales (Received ₹5,402.32 for E-commerce platform order settlement from Online Portal Sales. Cash balance was ₹1,878,515.74 before, ₹1,883,918.06 after. No delayed payments or cash flow issues observed. Outcome: healthy.) [income], +Online Portal Sales (Received ₹5,402.32 for E-commerce platform order settlement from Online Portal S) [income]"
2026-08-20,3923305.57,52758.18,6224.56,0.0,0.0,41867.76,"User Transactions: +Walk-in Store Sales (Daily) (Received ₹8,677.63 for Daily retail store sales revenue from Walk-in Store Sales (Daily). Cash balance was ₹1,883,918.06 before, ₹1,892,595.69 after. No delayed payments or cash flow issues observed. Outcome: healthy.) [income], +Walk-in Store Sales (Daily) (Received ₹12,256.25 for Daily retail store sales revenue from Walk-in Store Sales (Daily). Cash balance was ₹1,892,595.69 before, ₹1,904,851.94 after. No delayed payments or cash flow issues observed. Outcome: healthy.) [income], +Walk-in Store Sales (Daily) (Received ₹8,677.63 for Daily retail store sales revenue from Walk-in Store Sales) [income], +Walk-in Store Sales (Daily) (Received ₹12,256.25 for Daily retail store sales revenue from Walk-in Store Sale) [income]"
2026-08-21,3966691.62,48438.73,5052.68,0.0,0.0,36052.84,"User Transactions: +Walk-in Store Sales (Daily) (Received ₹18,026.42 for Daily retail store sales revenue from Walk-in Store Sales (Daily). Cash balance was ₹1,904,851.94 before, ₹1,922,878.36 after. No delayed payments or cash flow issues observed. Outcome: healthy.) [income], +Walk-in Store Sales (Daily) (Received ₹18,026.42 for Daily retail store sales revenue from Walk-in Store Sale) [income]"
2026-08-22,3912772.0,41389.46,6579.04,0.0,88730.04,26428.42,"User Transactions: -ABC Traders (Paid ₹44,365.02 for Inventory restocking - general merchandise to ABC Traders. Cash balance was ₹1,922,878.36 before, ₹1,878,513.34 after. No delayed payments or cash flow issues observed. Outcome: healthy.) [expense], +Online Portal Sales (Received ₹13,214.21 for E-commerce platform order settlement from Online Portal Sales. Cash balance was ₹1,878,513.34 before, ₹1,891,727.55 after. No delayed payments or cash flow issues observed. Outcome: healthy.) [income], -ABC Traders (Paid ₹44,365.02 for Inventory restocking - general merchandise to ABC Traders. C) [expense], +Online Portal Sales (Received ₹13,214.21 for E-commerce platform order settlement from Online Portal ) [income]"
2026-08-23,3944857.55,35845.26,3759.7,0.0,0.0,29685.28,"User Transactions: +Walk-in Store Sales (Daily) (Received ₹14,842.64 for Daily retail store sales revenue from Walk-in Store Sales (Daily). Cash balance was ₹1,891,727.55 before, ₹1,906,570.19 after. No delayed payments or cash flow issues observed. Outcome: healthy.) [income], +Walk-in Store Sales (Daily) (Received ₹14,842.64 for Daily retail store sales revenue from Walk-in Store Sale) [income]"
2026-08-24,3993752.05,53111.54,4217.04,0.0,0.0,44024.18,"User Transactions: +Walk-in Store Sales (Daily) (Received ₹22,012.09 for Daily retail store sales revenue from Walk-in Store Sales (Daily). Cash balance was ₹1,906,570.19 before, ₹1,928,582.28 after. No delayed payments or cash flow issues observed. Outcome: healthy.) [income], +Walk-in Store Sales (Daily) (Received ₹22,012.09 for Daily retail store sales revenue from Walk-in Store Sale) [income]"
2026-08-25,4007584.03,19183.44,5351.46,0.0,0.0,13503.82,"User Transactions: +Online Portal Sales (Received ₹6,751.91 for E-commerce platform order settlement from Online Portal Sales. Cash balance was ₹1,928,582.28 before, ₹1,935,334.19 after. No delayed payments or cash flow issues observed. Outcome: healthy.) [income], +Online Portal Sales (Received ₹6,751.91 for E-commerce platform order settlement from Online Portal S) [income]"
2026-08-26,4085274.5,80703.74,3013.27,0.0,0.0,74203.52,"User Transactions: +Walk-in Store Sales (Daily) (Received ₹23,872.36 for Daily retail store sales revenue from Walk-in Store Sales (Daily). Cash balance was ₹1,935,334.19 before, ₹1,959,206.55 after. No delayed payments or cash flow issues observed. Outcome: healthy.) [income], +Walk-in Store Sales (Daily) (Received ₹13,229.40 for Daily retail store sales revenue from Walk-in Store Sales (Daily). Cash balance was ₹1,959,206.55 before, ₹1,972,435.95 after. No delayed payments or cash flow issues observed. Outcome: healthy.) [income], +Walk-in Store Sales (Daily) (Received ₹23,872.36 for Daily retail store sales revenue from Walk-in Store Sale) [income], +Walk-in Store Sales (Daily) (Received ₹13,229.40 for Daily retail store sales revenue from Walk-in Store Sale) [income]"
2026-08-27,4045875.58,12274.44,5376.82,0.0,46296.54,0.0,"User Transactions: -Google Ads (Paid ₹23,148.27 for Search engine keyword marketing campaign to Google Ads. Cash balance was ₹1,972,435.95 before, ₹1,949,287.68 after. No delayed payments or cash flow issues observed. Outcome: healthy.) [expense], -Google Ads (Paid ₹23,148.27 for Search engine keyword marketing campaign to Google Ads. Cash) [expense]"
2026-08-28,3828694.96,12645.87,4826.49,75000.0,150000.0,0.0,"Monthly Payroll Salaries; User Transactions: -Payroll - Staff Salaries (Paid ₹75,000.00 for Monthly staff salary disbursement to Payroll - Staff Salaries. Cash balance was ₹1,949,287.68 before, ₹1,874,287.68 after. No delayed payments or cash flow issues observed. Outcome: healthy.) [expense], -Payroll - Staff Salaries (Paid ₹75,000.00 for Monthly staff salary disbursement to Payroll - Staff Salarie) [expense]"
